yyyy,mm,dd,areaNo.,flag,Temp.
2016,1,1,508,P,15.9
2016,1,2,508,P,15.86
2016,1,3,508,P,15.91
2016,1,4,508,P,16.08
2016,1,5,508,P,16.12
2016,1,6,508,P,16.05
2016,1,7,508,P,15.54
2016,1,8,508,P,15.24
2016,1,9,508,P,15.18
2016,1,10,508,P,14.97
2016,1,11,508,P,14.92
2016,1,12,508,P,15.03
2016,1,13,508,P,14.93
2016,1,14,508,P,14.81
2016,1,15,508,P,14.61
2016,1,16,508,P,14.69
2016,1,17,508,P,14.73
2016,1,18,508,P,14.55
2016,1,19,508,P,14.27
2016,1,20,508,P,13.85
2016,1,21,508,P,13.5
2016,1,22,508,P,13.33
2016,1,23,508,P,13.02
2016,1,24,508,P,12.56
2016,1,25,508,P,12.66
2016,1,26,508,P,12.64
2016,1,27,508,P,12.74
2016,1,28,508,P,12.85
2016,1,29,508,P,12.83
2016,1,30,508,P,12.38
2016,1,31,508,P,12.44
2016,2,1,508,P,12.42
2016,2,2,508,P,12.24
2016,2,3,508,P,12.3
2016,2,4,508,P,12.2
2016,2,5,508,P,12.15
2016,2,6,508,P,12.09
2016,2,7,508,P,12.38
2016,2,8,508,P,12.53
2016,2,9,508,P,12.51
2016,2,10,508,P,12.67
2016,2,11,508,P,12.71
2016,2,12,508,P,12.76
2016,2,13,508,P,12.77
2016,2,14,508,P,12.66
2016,2,15,508,P,12.25
2016,2,16,508,P,12.21
2016,2,17,508,P,12.13
2016,2,18,508,P,11.93
2016,2,19,508,P,11.76
2016,2,20,508,P,11.64
2016,2,21,508,P,11.57
2016,2,22,508,P,11.47
2016,2,23,508,P,11.3
2016,2,24,508,P,11.21
2016,2,25,508,P,11.38
2016,2,26,508,P,11.57
2016,2,27,508,P,11.6
2016,2,28,508,P,11.54
2016,2,29,508,P,11.55
2016,3,1,508,P,11.69
2016,3,2,508,P,11.91
2016,3,3,508,P,12.07
2016,3,4,508,P,12.12
2016,3,5,508,P,12.22
2016,3,6,508,P,12.3
2016,3,7,508,P,12.38
2016,3,8,508,P,12.31
2016,3,9,508,P,12.3
2016,3,10,508,P,12.09
2016,3,11,508,P,11.83
2016,3,12,508,P,11.99
2016,3,13,508,P,11.88
2016,3,14,508,P,12.02
2016,3,15,508,P,12.27
2016,3,16,508,P,12.25
2016,3,17,508,P,12.52
2016,3,18,508,P,12.7
2016,3,19,508,P,12.76
2016,3,20,508,P,12.59
2016,3,21,508,P,12.64
2016,3,22,508,P,12.7
2016,3,23,508,P,12.7
2016,3,24,508,P,12.47
2016,3,25,508,P,12.18
2016,3,26,508,P,12.18
2016,3,27,508,P,12.31
2016,3,28,508,P,12.59
2016,3,29,508,P,12.68
2016,3,30,508,P,12.72
2016,3,31,508,P,12.56
2016,4,1,508,P,12.33
2016,4,2,508,P,12.71
2016,4,3,508,P,12.71
2016,4,4,508,P,12.77
2016,4,5,508,P,12.48
2016,4,6,508,P,12.51
2016,4,7,508,P,12.51
2016,4,8,508,P,12.32
2016,4,9,508,P,12.68
2016,4,10,508,P,12.91
2016,4,11,508,P,12.68
2016,4,12,508,P,12.62
2016,4,13,508,P,12.64
2016,4,14,508,P,12.98
2016,4,15,508,P,12.96
2016,4,16,508,P,13.05
2016,4,17,508,P,13.44
2016,4,18,508,P,13.65
2016,4,19,508,P,13.91
2016,4,20,508,P,14.01
2016,4,21,508,P,14.12
2016,4,22,508,P,14.23
2016,4,23,508,P,14.46
2016,4,24,508,P,14.57
2016,4,25,508,P,14.46
2016,4,26,508,P,14.8
2016,4,27,508,P,14.99
2016,4,28,508,P,15.08
2016,4,29,508,P,15.06
2016,4,30,508,P,15.22
2016,5,1,508,P,15.58
2016,5,2,508,P,15.71
2016,5,3,508,P,15.8
2016,5,4,508,P,15.49
2016,5,5,508,P,15.35
2016,5,6,508,P,15.29
2016,5,7,508,P,15.3
2016,5,8,508,P,15.39
2016,5,9,508,P,15.22
2016,5,10,508,P,15.19
2016,5,11,508,P,15.56
2016,5,12,508,P,16.74
2016,5,13,508,P,16.83
2016,5,14,508,P,16.87
2016,5,15,508,P,16.96
2016,5,16,508,P,17.07
2016,5,17,508,P,16.63
2016,5,18,508,P,16.58
2016,5,19,508,P,16.64
2016,5,20,508,P,17.29
2016,5,21,508,P,17.6
2016,5,22,508,P,17.73
2016,5,23,508,P,18.16
2016,5,24,508,P,18.27
2016,5,25,508,P,18.49
2016,5,26,508,P,18.7
2016,5,27,508,P,19.52
2016,5,28,508,P,19.78
2016,5,29,508,P,19.95
2016,5,30,508,P,19.42
2016,5,31,508,P,19.34
2016,6,1,508,P,19.32
2016,6,2,508,P,19.19
2016,6,3,508,P,19.41
2016,6,4,508,P,19.55
2016,6,5,508,P,19.69
2016,6,6,508,P,19.58
2016,6,7,508,P,19.33
2016,6,8,508,P,19.25
2016,6,9,508,P,19.73
2016,6,10,508,P,20.56
2016,6,11,508,P,20.71
2016,6,12,508,P,20.87
2016,6,13,508,P,20.84
2016,6,14,508,P,21.41
2016,6,15,508,P,21.57
2016,6,16,508,P,21.7
2016,6,17,508,P,21.64
2016,6,18,508,P,22.2
2016,6,19,508,P,22.42
2016,6,20,508,P,22.61
2016,6,21,508,P,22.66
2016,6,22,508,P,22.63
2016,6,23,508,P,22.24
2016,6,24,508,P,22.3
2016,6,25,508,P,22.38
2016,6,26,508,P,21.56
2016,6,27,508,P,21.47
2016,6,28,508,P,21.49
2016,6,29,508,P,21.47
2016,6,30,508,P,21.5
2016,7,1,508,P,21.3
2016,7,2,508,P,21.52
2016,7,3,508,P,22.76
2016,7,4,508,P,23.18
2016,7,5,508,P,23.65
2016,7,6,508,P,24.01
2016,7,7,508,P,24.15
2016,7,8,508,P,24.34
2016,7,9,508,P,24.27
2016,7,10,508,P,24.18
2016,7,11,508,P,24.27
2016,7,12,508,P,24.47
2016,7,13,508,P,24.62
2016,7,14,508,P,24.09
2016,7,15,508,P,24.07
2016,7,16,508,P,24.07
2016,7,17,508,P,24.11
2016,7,18,508,P,24.35
2016,7,19,508,P,24.73
2016,7,20,508,P,24.96
2016,7,21,508,P,25.1
2016,7,22,508,P,25.11
2016,7,23,508,P,25.13
2016,7,24,508,P,25.11
2016,7,25,508,P,25.17
2016,7,26,508,P,25.05
2016,7,27,508,P,25
2016,7,28,508,P,25.3
2016,7,29,508,P,25.48
2016,7,30,508,P,25.67
2016,7,31,508,P,25.94
2016,8,1,508,P,26.1
2016,8,2,508,P,26.28
2016,8,3,508,P,26.28
2016,8,4,508,P,26.58
2016,8,5,508,P,26.75
2016,8,6,508,P,27
2016,8,7,508,P,27.21
2016,8,8,508,P,27.53
2016,8,9,508,P,27.8
2016,8,10,508,P,27.95
2016,8,11,508,P,28.1
2016,8,12,508,P,28.21
2016,8,13,508,P,28.4
2016,8,14,508,P,28.59
2016,8,15,508,P,28.71
2016,8,16,508,P,28.71
2016,8,17,508,P,28.51
2016,8,18,508,P,28.37
2016,8,19,508,P,28.23
2016,8,20,508,P,28.13
2016,8,21,508,P,28
2016,8,22,508,P,27.89
2016,8,23,508,P,27.75
2016,8,24,508,P,27.6
2016,8,25,508,P,27.33
2016,8,26,508,P,27.23
2016,8,27,508,P,26.95
2016,8,28,508,P,26.77
2016,8,29,508,P,26.33
2016,8,30,508,P,25.84
2016,8,31,508,P,25.17
2016,9,1,508,P,25.13
2016,9,2,508,P,25
2016,9,3,508,P,25.06
2016,9,4,508,P,25.01
2016,9,5,508,P,24.84
2016,9,6,508,P,25.09
2016,9,7,508,P,25.04
2016,9,8,508,P,25.03
2016,9,9,508,P,24.96
2016,9,10,508,P,24.81
2016,9,11,508,P,24.77
2016,9,12,508,P,24.74
2016,9,13,508,P,24.83
2016,9,14,508,P,24.84
2016,9,15,508,P,24.9
2016,9,16,508,P,24.89
2016,9,17,508,P,25.28
2016,9,18,508,P,25.32
2016,9,19,508,P,25.16
2016,9,20,508,P,24.96
2016,9,21,508,P,24.66
2016,9,22,508,P,24.55
2016,9,23,508,P,24.76
2016,9,24,508,P,24.81
2016,9,25,508,P,24.84
2016,9,26,508,P,25.18
2016,9,27,508,P,25.33
2016,9,28,508,P,25.38
2016,9,29,508,P,25.36
2016,9,30,508,P,25.19
2016,10,1,508,P,25.19
2016,10,2,508,P,25.36
2016,10,3,508,P,25.3
2016,10,4,508,P,25.22
2016,10,5,508,P,25.29
2016,10,6,508,P,25.45
2016,10,7,508,P,25.3
2016,10,8,508,P,25.15
2016,10,9,508,P,24.78
2016,10,10,508,P,24.59
2016,10,11,508,P,24.41
2016,10,12,508,P,24.26
2016,10,13,508,P,24.15
2016,10,14,508,P,23.92
2016,10,15,508,P,23.71
2016,10,16,508,P,23.57
2016,10,17,508,P,23.64
2016,10,18,508,P,23.69
2016,10,19,508,P,23.66
2016,10,20,508,P,23.52
2016,10,21,508,P,23.26
2016,10,22,508,P,23.14
2016,10,23,508,P,22.93
2016,10,24,508,P,22.88
2016,10,25,508,P,23.08
2016,10,26,508,P,23.17
2016,10,27,508,P,23.13
2016,10,28,508,P,23.1
2016,10,29,508,P,22.91
2016,10,30,508,P,22.56
2016,10,31,508,P,22.33
2016,11,1,508,P,22.2
2016,11,2,508,P,22.16
2016,11,3,508,P,22.16
2016,11,4,508,P,22.09
2016,11,5,508,P,21.98
2016,11,6,508,P,21.86
2016,11,7,508,P,21.59
2016,11,8,508,P,21.38
2016,11,9,508,P,20.9
2016,11,10,508,P,20.51
2016,11,11,508,P,20.51
2016,11,12,508,P,20.47
2016,11,13,508,P,20.38
2016,11,14,508,P,20.24
2016,11,15,508,P,20.12
2016,11,16,508,P,20.29
2016,11,17,508,P,20.23
2016,11,18,508,P,20.23
2016,11,19,508,P,20.29
2016,11,20,508,P,20.35
2016,11,21,508,P,20.37
2016,11,22,508,P,20.43
2016,11,23,508,P,20.38
2016,11,24,508,P,20.06
2016,11,25,508,P,19.8
2016,11,26,508,P,19.63
2016,11,27,508,P,19.47
2016,11,28,508,P,19.41
2016,11,29,508,P,19.42
2016,11,30,508,P,19.33
2016,12,1,508,P,19.21
2016,12,2,508,P,19.04
2016,12,3,508,P,19.04
2016,12,4,508,P,18.98
2016,12,5,508,P,18.87
2016,12,6,508,P,18.72
2016,12,7,508,P,18.64
2016,12,8,508,P,18.4
2016,12,9,508,P,18.42
2016,12,10,508,P,18.38
2016,12,11,508,P,18.3
2016,12,12,508,P,18.21
2016,12,13,508,P,18.17
2016,12,14,508,P,18.01
2016,12,15,508,P,17.62
2016,12,16,508,P,17.35
2016,12,17,508,P,17.4
2016,12,18,508,P,17.2
2016,12,19,508,P,17.2
2016,12,20,508,P,17.04
2016,12,21,508,P,16.95
2016,12,22,508,P,16.83
2016,12,23,508,P,16.52
2016,12,24,508,P,16.1
2016,12,25,508,P,15.88
2016,12,26,508,P,15.83
2016,12,27,508,P,15.81
2016,12,28,508,P,15.85
2016,12,29,508,P,15.78
2016,12,30,508,P,15.84
2016,12,31,508,P,15.89
2017,1,1,508,P,15.93
2017,1,2,508,P,15.99
2017,1,3,508,P,15.99
2017,1,4,508,P,15.91
2017,1,5,508,P,15.82
2017,1,6,508,P,15.6
2017,1,7,508,P,15.44
2017,1,8,508,P,15.31
2017,1,9,508,P,15.07
2017,1,10,508,P,14.98
2017,1,11,508,P,14.9
2017,1,12,508,P,14.72
2017,1,13,508,P,14.57
2017,1,14,508,P,14.38
2017,1,15,508,P,14.25
2017,1,16,508,P,14.19
2017,1,17,508,P,13.98
2017,1,18,508,P,13.72
2017,1,19,508,P,13.35
2017,1,20,508,P,13.08
2017,1,21,508,P,13.03
2017,1,22,508,P,12.99
2017,1,23,508,P,12.92
2017,1,24,508,P,12.93
2017,1,25,508,P,12.84
2017,1,26,508,P,12.73
2017,1,27,508,P,12.68
2017,1,28,508,P,12.48
2017,1,29,508,P,12.42
2017,1,30,508,P,12.4
2017,1,31,508,P,12.36
2017,2,1,508,P,12.37
2017,2,2,508,P,12.52
2017,2,3,508,P,12.88
2017,2,4,508,P,13.09
2017,2,5,508,P,13.27
2017,2,6,508,P,13.09
2017,2,7,508,P,12.87
2017,2,8,508,P,12.63
2017,2,9,508,P,12.39
2017,2,10,508,P,12.39
2017,2,11,508,P,12.51
2017,2,12,508,P,12.41
2017,2,13,508,P,12.52
2017,2,14,508,P,12.52
2017,2,15,508,P,12.58
2017,2,16,508,P,12.64
2017,2,17,508,P,12.67
2017,2,18,508,P,12.5
2017,2,19,508,P,12.4
2017,2,20,508,P,12.31
2017,2,21,508,P,12.19
2017,2,22,508,P,12.09
2017,2,23,508,P,12.04
2017,2,24,508,P,11.47
2017,2,25,508,P,11.48
2017,2,26,508,P,11.41
2017,2,27,508,P,11.62
2017,2,28,508,P,11.83
2017,3,1,508,P,11.87
2017,3,2,508,P,11.86
2017,3,3,508,P,11.82
2017,3,4,508,P,11.88
2017,3,5,508,P,11.93
2017,3,6,508,P,11.91
2017,3,7,508,P,11.82
2017,3,8,508,P,11.78
2017,3,9,508,P,11.77
2017,3,10,508,P,11.69
2017,3,11,508,P,11.89
2017,3,12,508,P,12.01
2017,3,13,508,P,12.07
2017,3,14,508,P,12.08
2017,3,15,508,P,11.96
2017,3,16,508,P,11.85
2017,3,17,508,P,11.82
2017,3,18,508,P,11.76
2017,3,19,508,P,11.77
2017,3,20,508,P,11.71
2017,3,21,508,P,11.77
2017,3,22,508,P,11.71
2017,3,23,508,P,11.71
2017,3,24,508,P,11.61
2017,3,25,508,P,11.61
2017,3,26,508,P,11.6
2017,3,27,508,P,11.72
2017,3,28,508,P,12.06
2017,3,29,508,P,12.16
2017,3,30,508,P,12.42
2017,3,31,508,P,12.59
2017,4,1,508,P,12.62
2017,4,2,508,P,12.56
2017,4,3,508,P,12.66
2017,4,4,508,P,12.85
2017,4,5,508,P,12.98
2017,4,6,508,P,13.06
2017,4,7,508,P,12.79
2017,4,8,508,P,12.95
2017,4,9,508,P,13.26
2017,4,10,508,P,13.27
2017,4,11,508,P,13.35
2017,4,12,508,P,12.4
2017,4,13,508,P,12.76
2017,4,14,508,P,13.08
2017,4,15,508,P,13.35
2017,4,16,508,P,13.97
2017,4,17,508,P,14.23
2017,4,18,508,P,13.94
2017,4,19,508,P,13.77
2017,4,20,508,P,13.77
2017,4,21,508,P,13.87
2017,4,22,508,P,13.86
2017,4,23,508,P,14.39
2017,4,24,508,P,14.6
2017,4,25,508,P,14.82
2017,4,26,508,P,14.96
2017,4,27,508,P,14.87
2017,4,28,508,P,14.77
2017,4,29,508,P,14.82
2017,4,30,508,P,14.96
2017,5,1,508,P,15.05
2017,5,2,508,P,15.1
2017,5,3,508,P,15.21
2017,5,4,508,P,15.49
2017,5,5,508,P,16.68
2017,5,6,508,P,16.98
2017,5,7,508,P,16.74
2017,5,8,508,P,16.37
2017,5,9,508,P,16.24
2017,5,10,508,P,16.09
2017,5,11,508,P,15.94
2017,5,12,508,P,15.93
2017,5,13,508,P,15.85
2017,5,14,508,P,16.06
2017,5,15,508,P,16.18
2017,5,16,508,P,16.31
2017,5,17,508,P,16.85
2017,5,18,508,P,17.5
2017,5,19,508,P,17.96
2017,5,20,508,P,18.17
2017,5,21,508,P,18.28
2017,5,22,508,P,18.8
2017,5,23,508,P,18.83
2017,5,24,508,P,18.89
2017,5,25,508,P,18.9
2017,5,26,508,P,18.78
2017,5,27,508,P,18.79
2017,5,28,508,P,18.9
2017,5,29,508,P,18.8
2017,5,30,508,P,18.73
2017,5,31,508,P,18.75
2017,6,1,508,P,18.68
2017,6,2,508,P,18.75
2017,6,3,508,P,18.65
2017,6,4,508,P,18.78
2017,6,5,508,P,18.84
2017,6,6,508,P,18.97
2017,6,7,508,P,19.11
2017,6,8,508,P,19.07
2017,6,9,508,P,19.12
2017,6,10,508,P,19.05
2017,6,11,508,P,19.2
2017,6,12,508,P,19.11
2017,6,13,508,P,18.79
2017,6,14,508,P,18.71
2017,6,15,508,P,19.24
2017,6,16,508,P,19.62
2017,6,17,508,P,19.65
2017,6,18,508,P,20.19
2017,6,19,508,P,20.35
2017,6,20,508,P,20.57
2017,6,21,508,P,20.53
2017,6,22,508,P,20.4
2017,6,23,508,P,20.3
2017,6,24,508,P,20.33
2017,6,25,508,P,20.48
2017,6,26,508,P,20.38
2017,6,27,508,P,20.45
2017,6,28,508,P,21.14
2017,6,29,508,P,21.67
2017,6,30,508,P,22
2017,7,1,508,P,22.67
2017,7,2,508,P,22.96
2017,7,3,508,P,23.25
2017,7,4,508,P,23.25
2017,7,5,508,P,23.3
2017,7,6,508,P,23.31
2017,7,7,508,P,23.27
2017,7,8,508,P,23.28
2017,7,9,508,P,23.32
2017,7,10,508,P,23.46
2017,7,11,508,P,24.25
2017,7,12,508,P,24.76
2017,7,13,508,P,24.96
2017,7,14,508,P,25.09
2017,7,15,508,P,24.97
2017,7,16,508,P,24.78
2017,7,17,508,P,24.82
2017,7,18,508,P,24.86
2017,7,19,508,P,25.24
2017,7,20,508,P,25.4
2017,7,21,508,P,25.59
2017,7,22,508,P,25.63
2017,7,23,508,P,25.61
2017,7,24,508,P,25.54
2017,7,25,508,P,25.31
2017,7,26,508,P,25.11
2017,7,27,508,P,25.07
2017,7,28,508,P,25.24
2017,7,29,508,P,25.4
2017,7,30,508,P,26.17
2017,7,31,508,P,26.45
2017,8,1,508,P,26.83
2017,8,2,508,P,26.77
2017,8,3,508,P,26.53
2017,8,4,508,P,26.3
2017,8,5,508,P,26.24
2017,8,6,508,P,26.25
2017,8,7,508,P,26.04
2017,8,8,508,P,25.91
2017,8,9,508,P,25.83
2017,8,10,508,P,25.86
2017,8,11,508,P,25.82
2017,8,12,508,P,25.72
2017,8,13,508,P,25.63
2017,8,14,508,P,25.54
2017,8,15,508,P,25.45
2017,8,16,508,P,25.62
2017,8,17,508,P,25.91
2017,8,18,508,P,26.12
2017,8,19,508,P,26.25
2017,8,20,508,P,26.31
2017,8,21,508,P,26.3
2017,8,22,508,P,26.38
2017,8,23,508,P,26.55
2017,8,24,508,P,26.85
2017,8,25,508,P,26.93
2017,8,26,508,P,27.01
2017,8,27,508,P,26.4
2017,8,28,508,P,26.23
2017,8,29,508,P,26.39
2017,8,30,508,P,26.69
2017,8,31,508,P,26.65
2017,9,1,508,P,26.36
2017,9,2,508,P,26.02
2017,9,3,508,P,25.79
2017,9,4,508,P,25.61
2017,9,5,508,P,25.52
2017,9,6,508,P,25.64
2017,9,7,508,P,25.66
2017,9,8,508,P,25.32
2017,9,9,508,P,25.08
2017,9,10,508,P,25.03
2017,9,11,508,P,24.85
2017,9,12,508,P,24.73
2017,9,13,508,P,24.65
2017,9,14,508,P,24.65
2017,9,15,508,P,24.58
2017,9,16,508,P,24.53
2017,9,17,508,P,24.42
2017,9,18,508,P,24.17
2017,9,19,508,P,24.03
2017,9,20,508,P,23.9
2017,9,21,508,P,23.78
2017,9,22,508,P,23.69
2017,9,23,508,P,23.59
2017,9,24,508,P,23.42
2017,9,25,508,P,23.76
2017,9,26,508,P,24.14
2017,9,27,508,P,24.2
2017,9,28,508,P,24.28
2017,9,29,508,P,24.1
2017,9,30,508,P,23.97
2017,10,1,508,P,23.86
2017,10,2,508,P,23.77
2017,10,3,508,P,23.54
2017,10,4,508,P,23.52
2017,10,5,508,P,23.5
2017,10,6,508,P,23.43
2017,10,7,508,P,23.31
2017,10,8,508,P,23.55
2017,10,9,508,P,23.66
2017,10,10,508,P,23.92
2017,10,11,508,P,24.01
2017,10,12,508,P,23.92
2017,10,13,508,P,23.77
2017,10,14,508,P,23.54
2017,10,15,508,P,23.21
2017,10,16,508,P,23.01
2017,10,17,508,P,23.1
2017,10,18,508,P,23.01
2017,10,19,508,P,23.09
2017,10,20,508,P,22.9
2017,10,21,508,P,22.78
2017,10,22,508,P,22.73
2017,10,23,508,P,22.05
2017,10,24,508,P,21.68
2017,10,25,508,P,21.48
2017,10,26,508,P,21.43
2017,10,27,508,P,21.46
2017,10,28,508,P,21.45
2017,10,29,508,P,21.32
2017,10,30,508,P,20.92
2017,10,31,508,P,20.75
2017,11,1,508,P,20.74
2017,11,2,508,P,20.78
2017,11,3,508,P,20.91
2017,11,4,508,P,20.8
2017,11,5,508,P,20.64
2017,11,6,508,P,20.6
2017,11,7,508,P,20.56
2017,11,8,508,P,20.53
2017,11,9,508,P,20.3
2017,11,10,508,P,20.2
2017,11,11,508,P,20.14
2017,11,12,508,P,20.07
2017,11,13,508,P,20.07
2017,11,14,508,P,19.96
2017,11,15,508,P,19.89
2017,11,16,508,P,19.82
2017,11,17,508,P,19.69
2017,11,18,508,P,19.53
2017,11,19,508,P,19.26
2017,11,20,508,P,19.02
2017,11,21,508,P,18.91
2017,11,22,508,P,18.83
2017,11,23,508,P,18.67
2017,11,24,508,P,18.43
2017,11,25,508,P,18.28
2017,11,26,508,P,18.1
2017,11,27,508,P,18.2
2017,11,28,508,P,18.21
2017,11,29,508,P,18.13
2017,11,30,508,P,18.01
2017,12,1,508,P,17.62
2017,12,2,508,P,17.46
2017,12,3,508,P,17.48
2017,12,4,508,P,17.51
2017,12,5,508,P,17.48
2017,12,6,508,P,17.4
2017,12,7,508,P,17.19
2017,12,8,508,P,17.07
2017,12,9,508,P,16.91
2017,12,10,508,P,16.74
2017,12,11,508,P,16.58
2017,12,12,508,P,16.2
2017,12,13,508,P,15.89
2017,12,14,508,P,15.52
2017,12,15,508,P,15.2
2017,12,16,508,P,15.03
2017,12,17,508,P,14.92
2017,12,18,508,P,14.82
2017,12,19,508,P,14.7
2017,12,20,508,P,14.61
2017,12,21,508,P,14.75
2017,12,22,508,P,14.75
2017,12,23,508,P,14.72
2017,12,24,508,P,14.63
2017,12,25,508,P,14.46
2017,12,26,508,P,14.3
2017,12,27,508,P,14.24
2017,12,28,508,P,14.13
2017,12,29,508,P,14.04
2017,12,30,508,P,13.92
2017,12,31,508,P,13.81
2018,1,1,508,P,13.72
2018,1,2,508,P,13.46
2018,1,3,508,P,13.35
2018,1,4,508,P,13.25
2018,1,5,508,P,13.19
2018,1,6,508,P,13.22
2018,1,7,508,P,13.21
2018,1,8,508,P,13.2
2018,1,9,508,P,12.92
2018,1,10,508,P,12.89
2018,1,11,508,P,12.76
2018,1,12,508,P,12.7
2018,1,13,508,P,12.66
2018,1,14,508,P,12.25
2018,1,15,508,P,12.54
2018,1,16,508,P,12.61
2018,1,17,508,P,12.52
2018,1,18,508,P,12.21
2018,1,19,508,P,11.76
2018,1,20,508,P,11.75
2018,1,21,508,P,11.67
2018,1,22,508,P,11.62
2018,1,23,508,P,11.59
2018,1,24,508,P,11.39
2018,1,25,508,P,11.17
2018,1,26,508,P,11.1
2018,1,27,508,P,11.17
2018,1,28,508,P,11.24
2018,1,29,508,P,11.26
2018,1,30,508,P,11.2
2018,1,31,508,P,10.89
2018,2,1,508,P,10.75
2018,2,2,508,P,10.57
2018,2,3,508,P,10.5
2018,2,4,508,P,10.36
2018,2,5,508,P,10.31
2018,2,6,508,P,10.25
2018,2,7,508,P,10.27
2018,2,8,508,P,10.43
2018,2,9,508,P,10.58
2018,2,10,508,P,10.68
2018,2,11,508,P,10.35
2018,2,12,508,P,10.18
2018,2,13,508,P,10.2
2018,2,14,508,P,10.27
2018,2,15,508,P,10.4
2018,2,16,508,P,10.41
2018,2,17,508,P,10.79
2018,2,18,508,P,10.65
2018,2,19,508,P,10.63
2018,2,20,508,P,10.54
2018,2,21,508,P,10.54
2018,2,22,508,P,10.44
2018,2,23,508,P,10.69
2018,2,24,508,P,10.79
2018,2,25,508,P,10.83
2018,2,26,508,P,11.11
2018,2,27,508,P,11.24
2018,2,28,508,P,11.4
2018,3,1,508,P,11.3
2018,3,2,508,P,11.37
2018,3,3,508,P,11.28
2018,3,4,508,P,11.5
2018,3,5,508,P,11.63
2018,3,6,508,P,11.64
2018,3,7,508,P,11.47
2018,3,8,508,P,11.35
2018,3,9,508,P,10.97
2018,3,10,508,P,10.9
2018,3,11,508,P,10.92
2018,3,12,508,P,10.92
2018,3,13,508,P,11.39
2018,3,14,508,P,11.85
2018,3,15,508,P,11.97
2018,3,16,508,P,12.04
2018,3,17,508,P,11.58
2018,3,18,508,P,11.31
2018,3,19,508,P,11.19
2018,3,20,508,P,11.01
2018,3,21,508,P,11.18
2018,3,22,508,P,10.63
2018,3,23,508,P,10.87
2018,3,24,508,P,11.29
2018,3,25,508,P,11.69
2018,3,26,508,P,11.89
2018,3,27,508,P,12.26
2018,3,28,508,P,12.63
2018,3,29,508,P,12.6
2018,3,30,508,P,12.15
2018,3,31,508,P,11.52
2018,4,1,508,P,11.19
2018,4,2,508,P,11.71
2018,4,3,508,P,12.52
2018,4,4,508,P,13.01
2018,4,5,508,P,13.29
2018,4,6,508,P,13.46
2018,4,7,508,P,13.05
2018,4,8,508,P,11.95
2018,4,9,508,P,11.94
2018,4,10,508,P,12.23
2018,4,11,508,P,12.34
2018,4,12,508,P,12.68
2018,4,13,508,P,13
2018,4,14,508,P,13.19
2018,4,15,508,P,12.81
2018,4,16,508,P,12.57
2018,4,17,508,P,12.43
2018,4,18,508,P,13.18
2018,4,19,508,P,13.71
2018,4,20,508,P,14.07
2018,4,21,508,P,14.38
2018,4,22,508,P,14.7
2018,4,23,508,P,14.91
2018,4,24,508,P,15.11
2018,4,25,508,P,14.47
2018,4,26,508,P,14.03
2018,4,27,508,P,14.2
2018,4,28,508,P,14.69
2018,4,29,508,P,14.84
2018,4,30,508,P,15.01
2018,5,1,508,P,15.21
2018,5,2,508,P,15.27
2018,5,3,508,P,14.9
2018,5,4,508,P,14.54
2018,5,5,508,P,14.39
2018,5,6,508,P,14.37
2018,5,7,508,P,14.4
2018,5,8,508,P,14.31
2018,5,9,508,P,14.45
2018,5,10,508,P,14.73
2018,5,11,508,P,15.19
2018,5,12,508,P,15.6
2018,5,13,508,P,15.75
2018,5,14,508,P,16.21
2018,5,15,508,P,16.5
2018,5,16,508,P,16.8
2018,5,17,508,P,17.67
2018,5,18,508,P,18.14
2018,5,19,508,P,18.02
2018,5,20,508,P,16.71
2018,5,21,508,P,16.42
2018,5,22,508,P,16.62
2018,5,23,508,P,16.99
2018,5,24,508,P,16.68
2018,5,25,508,P,16.85
2018,5,26,508,P,17.2
2018,5,27,508,P,17.28
2018,5,28,508,P,17.33
2018,5,29,508,P,17.31
2018,5,30,508,P,17.9
2018,5,31,508,P,18.37
2018,6,1,508,P,18.33
2018,6,2,508,P,18.38
2018,6,3,508,P,18.3
2018,6,4,508,P,18.4
2018,6,5,508,P,18.4
2018,6,6,508,P,18.54
2018,6,7,508,P,18.52
2018,6,8,508,P,18.82
2018,6,9,508,P,19.96
2018,6,10,508,P,20.14
2018,6,11,508,P,20.25
2018,6,12,508,P,19.41
2018,6,13,508,P,19.4
2018,6,14,508,P,19.37
2018,6,15,508,P,19.33
2018,6,16,508,P,19.15
2018,6,17,508,P,19.14
2018,6,18,508,P,19.2
2018,6,19,508,P,19.16
2018,6,20,508,P,19.01
2018,6,21,508,P,19.78
2018,6,22,508,P,19.88
2018,6,23,508,P,19.95
2018,6,24,508,P,20.24
2018,6,25,508,P,20.79
2018,6,26,508,P,20.99
2018,6,27,508,P,21.25
2018,6,28,508,P,21.27
2018,6,29,508,P,21.26
2018,6,30,508,P,21.21
2018,7,1,508,P,21.53
2018,7,2,508,P,21.51
2018,7,3,508,P,21.62
2018,7,4,508,P,21.62
2018,7,5,508,P,21.73
2018,7,6,508,P,21.9
2018,7,7,508,P,21.94
2018,7,8,508,P,21.91
2018,7,9,508,P,23.09
2018,7,10,508,P,23.61
2018,7,11,508,P,23.75
2018,7,12,508,P,24.25
2018,7,13,508,P,24.42
2018,7,14,508,P,25.1
2018,7,15,508,P,25.51
2018,7,16,508,P,25.76
2018,7,17,508,P,25.88
2018,7,18,508,P,25.99
2018,7,19,508,P,26.22
2018,7,20,508,P,26.34
2018,7,21,508,P,26.35
2018,7,22,508,P,26.29
2018,7,23,508,P,26.61
2018,7,24,508,P,26.88
2018,7,25,508,P,27.01
2018,7,26,508,P,26.97
2018,7,27,508,P,26.81
2018,7,28,508,P,26.73
2018,7,29,508,P,26.63
2018,7,30,508,P,26.14
2018,7,31,508,P,24.95
2018,8,1,508,P,24.81
2018,8,2,508,P,25.16
2018,8,3,508,P,25.59
2018,8,4,508,P,25.87
2018,8,5,508,P,26.16
2018,8,6,508,P,26.39
2018,8,7,508,P,26.44
2018,8,8,508,P,26.48
2018,8,9,508,P,26.22
2018,8,10,508,P,26.15
2018,8,11,508,P,26.05
2018,8,12,508,P,25.99
2018,8,13,508,P,25.96
2018,8,14,508,P,25.94
2018,8,15,508,P,25.91
2018,8,16,508,P,25.86
2018,8,17,508,P,24.98
2018,8,18,508,P,24.61
2018,8,19,508,P,24.55
2018,8,20,508,P,24.35
2018,8,21,508,P,24.66
2018,8,22,508,P,24.79
2018,8,23,508,P,24.91
2018,8,24,508,P,24.99
2018,8,25,508,P,25.32
2018,8,26,508,P,25.39
2018,8,27,508,P,25.39
2018,8,28,508,P,25.5
2018,8,29,508,P,25.58
2018,8,30,508,P,25.51
2018,8,31,508,P,25.43
2018,9,1,508,P,25.37
2018,9,2,508,P,25.42
2018,9,3,508,P,25.54
2018,9,4,508,P,25.56
2018,9,5,508,P,25.48
2018,9,6,508,P,25.37
2018,9,7,508,P,25.3
2018,9,8,508,P,25.12
2018,9,9,508,P,25.15
2018,9,10,508,P,24.41
2018,9,11,508,P,24.32
2018,9,12,508,P,24.33
2018,9,13,508,P,24.05
2018,9,14,508,P,23.99
2018,9,15,508,P,24.55
2018,9,16,508,P,25.21
2018,9,17,508,P,25.07
2018,9,18,508,P,25.12
2018,9,19,508,P,25
2018,9,20,508,P,24.96
2018,9,21,508,P,24.87
2018,9,22,508,P,24.7
2018,9,23,508,P,24.66
2018,9,24,508,P,24.64
2018,9,25,508,P,24.55
2018,9,26,508,P,24.21
2018,9,27,508,P,24.12
2018,9,28,508,P,24.02
2018,9,29,508,P,23.95
2018,9,30,508,P,23.81
2018,10,1,508,P,23.51
2018,10,2,508,P,23.24
2018,10,3,508,P,23.2
2018,10,4,508,P,23.07
2018,10,5,508,P,23.06
2018,10,6,508,P,23.43
2018,10,7,508,P,23.62
2018,10,8,508,P,23.49
2018,10,9,508,P,23.25
2018,10,10,508,P,23.04
2018,10,11,508,P,22.8
2018,10,12,508,P,22.45
2018,10,13,508,P,22.22
2018,10,14,508,P,22.18
2018,10,15,508,P,22.24
2018,10,16,508,P,22.24
2018,10,17,508,P,22.16
2018,10,18,508,P,22.28
2018,10,19,508,P,22.24
2018,10,20,508,P,22.15
2018,10,21,508,P,21.97
2018,10,22,508,P,21.92
2018,10,23,508,P,21.88
2018,10,24,508,P,22.08
2018,10,25,508,P,22.07
2018,10,26,508,P,21.99
2018,10,27,508,P,21.75
2018,10,28,508,P,21.5
2018,10,29,508,P,21.37
2018,10,30,508,P,21.26
2018,10,31,508,P,21.1
2018,11,1,508,P,20.94
2018,11,2,508,P,20.74
2018,11,3,508,P,20.78
2018,11,4,508,P,20.96
2018,11,5,508,P,21.12
2018,11,6,508,P,21.21
2018,11,7,508,P,21.18
2018,11,8,508,P,21.05
2018,11,9,508,P,20.9
2018,11,10,508,P,20.71
2018,11,11,508,P,20.55
2018,11,12,508,P,20.41
2018,11,13,508,P,20.22
2018,11,14,508,P,20.02
2018,11,15,508,P,19.92
2018,11,16,508,P,19.82
2018,11,17,508,P,19.76
2018,11,18,508,P,19.77
2018,11,19,508,P,19.73
2018,11,20,508,P,19.58
2018,11,21,508,P,19.43
2018,11,22,508,P,19.25
2018,11,23,508,P,19.07
2018,11,24,508,P,19.11
2018,11,25,508,P,19.09
2018,11,26,508,P,19.06
2018,11,27,508,P,19
2018,11,28,508,P,18.89
2018,11,29,508,P,18.31
2018,11,30,508,P,18.19
2018,12,1,508,P,18.01
2018,12,2,508,P,17.88
2018,12,3,508,P,17.78
2018,12,4,508,P,17.96
2018,12,5,508,P,17.76
2018,12,6,508,P,17.66
2018,12,7,508,P,17.46
2018,12,8,508,P,17.29
2018,12,9,508,P,17.16
2018,12,10,508,P,17.04
2018,12,11,508,P,16.97
2018,12,12,508,P,16.87
2018,12,13,508,P,16.91
2018,12,14,508,P,16.81
2018,12,15,508,P,16.8
2018,12,16,508,P,16.72
2018,12,17,508,P,16.65
2018,12,18,508,P,16.55
2018,12,19,508,P,16.44
2018,12,20,508,P,16.32
2018,12,21,508,P,16.15
2018,12,22,508,P,16.45
2018,12,23,508,P,16.5
2018,12,24,508,P,16.06
2018,12,25,508,P,15.86
2018,12,26,508,P,15.68
2018,12,27,508,P,15.62
2018,12,28,508,P,15.39
2018,12,29,508,P,15.15
2018,12,30,508,P,14.9
2018,12,31,508,P,14.79
2019,1,1,508,P,14.72
2019,1,2,508,P,14.63
2019,1,3,508,P,14.72
2019,1,4,508,P,14.8
2019,1,5,508,P,14.76
2019,1,6,508,P,14.57
2019,1,7,508,P,14.31
2019,1,8,508,P,14.12
2019,1,9,508,P,13.97
2019,1,10,508,P,13.82
2019,1,11,508,P,13.62
2019,1,12,508,P,13.48
2019,1,13,508,P,13.87
2019,1,14,508,P,13.89
2019,1,15,508,P,13.78
2019,1,16,508,P,13.71
2019,1,17,508,P,13.3
2019,1,18,508,P,13.29
2019,1,19,508,P,13.3
2019,1,20,508,P,13.23
2019,1,21,508,P,13.03
2019,1,22,508,P,12.89
2019,1,23,508,P,12.93
2019,1,24,508,P,12.96
2019,1,25,508,P,13.04
2019,1,26,508,P,12.93
2019,1,27,508,P,12.8
2019,1,28,508,P,12.71
2019,1,29,508,P,12.61
2019,1,30,508,P,12.56
2019,1,31,508,P,12.52
2019,2,1,508,P,12.56
2019,2,2,508,P,12.66
2019,2,3,508,P,12.72
2019,2,4,508,P,12.79
2019,2,5,508,P,12.54
2019,2,6,508,P,12.5
2019,2,7,508,P,12.39
2019,2,8,508,P,11.98
2019,2,9,508,P,11.62
2019,2,10,508,P,11.45
2019,2,11,508,P,11.46
2019,2,12,508,P,11.58
2019,2,13,508,P,11.57
2019,2,14,508,P,11.65
2019,2,15,508,P,11.67
2019,2,16,508,P,11.59
2019,2,17,508,P,11.87
2019,2,18,508,P,11.89
2019,2,19,508,P,11.97
2019,2,20,508,P,12.05
2019,2,21,508,P,11.94
2019,2,22,508,P,11.85
2019,2,23,508,P,11.98
2019,2,24,508,P,12.13
2019,2,25,508,P,12.14
2019,2,26,508,P,12.17
2019,2,27,508,P,12.19
2019,2,28,508,P,12.19
2019,3,1,508,P,11.93
2019,3,2,508,P,11.84
2019,3,3,508,P,11.75
2019,3,4,508,P,11.88
2019,3,5,508,P,12.02
2019,3,6,508,P,12.08
2019,3,7,508,P,11.95
2019,3,8,508,P,11.94
2019,3,9,508,P,11.93
2019,3,10,508,P,11.97
2019,3,11,508,P,11.95
2019,3,12,508,P,11.93
2019,3,13,508,P,11.91
2019,3,14,508,P,11.81
2019,3,15,508,P,11.63
2019,3,16,508,P,11.52
2019,3,17,508,P,11.56
2019,3,18,508,P,11.56
2019,3,19,508,P,11.66
2019,3,20,508,P,11.7
2019,3,21,508,P,12.06
2019,3,22,508,P,11.99
2019,3,23,508,P,11.83
2019,3,24,508,P,11.91
2019,3,25,508,P,11.82
2019,3,26,508,P,11.68
2019,3,27,508,P,11.58
2019,3,28,508,P,11.65
2019,3,29,508,P,11.57
2019,3,30,508,P,11.58
2019,3,31,508,P,11.97
2019,4,1,508,P,12.05
2019,4,2,508,P,12.15
2019,4,3,508,P,12.43
2019,4,4,508,P,12.61
2019,4,5,508,P,12.69
2019,4,6,508,P,12.87
2019,4,7,508,P,12.87
2019,4,8,508,P,12.85
2019,4,9,508,P,12.63
2019,4,10,508,P,12.52
2019,4,11,508,P,12.34
2019,4,12,508,P,12.71
2019,4,13,508,P,12.83
2019,4,14,508,P,13
2019,4,15,508,P,13.31
2019,4,16,508,P,13.48
2019,4,17,508,P,13.64
2019,4,18,508,P,13.89
2019,4,19,508,P,13.91
2019,4,20,508,P,14.07
2019,4,21,508,P,14.32
2019,4,22,508,P,14.93
2019,4,23,508,P,15.23
2019,4,24,508,P,15.53
2019,4,25,508,P,16
2019,4,26,508,P,15.73
2019,4,27,508,P,14.77
2019,4,28,508,P,14.61
2019,4,29,508,P,14.54
2019,4,30,508,P,13.92
2019,5,1,508,P,13.94
2019,5,2,508,P,14.39
2019,5,3,508,P,15.23
2019,5,4,508,P,15.34
2019,5,5,508,P,15.4
2019,5,6,508,P,15.35
2019,5,7,508,P,15.28
2019,5,8,508,P,15.27
2019,5,9,508,P,15.28
2019,5,10,508,P,15.4
2019,5,11,508,P,16.04
2019,5,12,508,P,16.53
2019,5,13,508,P,16.88
2019,5,14,508,P,16.89
2019,5,15,508,P,16.95
2019,5,16,508,P,17.13
2019,5,17,508,P,17.13
2019,5,18,508,P,17.22
2019,5,19,508,P,17.18
2019,5,20,508,P,17.08
2019,5,21,508,P,17.26
2019,5,22,508,P,17.54
2019,5,23,508,P,17.87
2019,5,24,508,P,18.34
2019,5,25,508,P,18.65
2019,5,26,508,P,19.01
2019,5,27,508,P,19.22
2019,5,28,508,P,19.42
2019,5,29,508,P,17.93
2019,5,30,508,P,17.4
2019,5,31,508,P,17.42
2019,6,1,508,P,17.4
2019,6,2,508,P,17.53
2019,6,3,508,P,18.24
2019,6,4,508,P,18.59
2019,6,5,508,P,18.98
2019,6,6,508,P,19.27
2019,6,7,508,P,19.42
2019,6,8,508,P,19.04
2019,6,9,508,P,18.6
2019,6,10,508,P,18.88
2019,6,11,508,P,19.21
2019,6,12,508,P,19.42
2019,6,13,508,P,19.53
2019,6,14,508,P,19.69
2019,6,15,508,P,19.78
2019,6,16,508,P,19.22
2019,6,17,508,P,19.27
2019,6,18,508,P,19.34
2019,6,19,508,P,19.63
2019,6,20,508,P,20.18
2019,6,21,508,P,20.72
2019,6,22,508,P,20.9
2019,6,23,508,P,20.82
2019,6,24,508,P,20.76
2019,6,25,508,P,20.81
2019,6,26,508,P,20.93
2019,6,27,508,P,21.03
2019,6,28,508,P,21.24
2019,6,29,508,P,21.39
2019,6,30,508,P,21.55
2019,7,1,508,P,21.6
2019,7,2,508,P,21.52
2019,7,3,508,P,21.74
2019,7,4,508,P,21.97
2019,7,5,508,P,22.11
2019,7,6,508,P,21.97
2019,7,7,508,P,22.01
2019,7,8,508,P,22.09
2019,7,9,508,P,22.1
2019,7,10,508,P,22.02
2019,7,11,508,P,22.31
2019,7,12,508,P,22.5
2019,7,13,508,P,22.61
2019,7,14,508,P,22.61
2019,7,15,508,P,22.65
2019,7,16,508,P,22.76
2019,7,17,508,P,22.88
2019,7,18,508,P,23.06
2019,7,19,508,P,23.07
2019,7,20,508,P,22.95
2019,7,21,508,P,23.12
2019,7,22,508,P,23.09
2019,7,23,508,P,23.3
2019,7,24,508,P,24.03
2019,7,25,508,P,25.29
2019,7,26,508,P,25.29
2019,7,27,508,P,25.4
2019,7,28,508,P,25.58
2019,7,29,508,P,25.66
2019,7,30,508,P,26.07
2019,7,31,508,P,26.43
2019,8,1,508,P,26.86
2019,8,2,508,P,27.02
2019,8,3,508,P,27.04
2019,8,4,508,P,26.81
2019,8,5,508,P,26.61
2019,8,6,508,P,26.46
2019,8,7,508,P,26.06
2019,8,8,508,P,26.07
2019,8,9,508,P,26.08
2019,8,10,508,P,25.98
2019,8,11,508,P,25.95
2019,8,12,508,P,26.22
2019,8,13,508,P,26.5
2019,8,14,508,P,26.57
2019,8,15,508,P,26.53
2019,8,16,508,P,25.84
2019,8,17,508,P,25.85
2019,8,18,508,P,25.8
2019,8,19,508,P,25.79
2019,8,20,508,P,25.7
2019,8,21,508,P,25.38
2019,8,22,508,P,25.44
2019,8,23,508,P,25.5
2019,8,24,508,P,25.61
2019,8,25,508,P,25.37
2019,8,26,508,P,24.88
2019,8,27,508,P,24.79
2019,8,28,508,P,24.72
2019,8,29,508,P,24.57
2019,8,30,508,P,24.88
2019,8,31,508,P,24.79
2019,9,1,508,P,24.81
2019,9,2,508,P,24.72
2019,9,3,508,P,25.13
2019,9,4,508,P,25.24
2019,9,5,508,P,25.35
2019,9,6,508,P,25.71
2019,9,7,508,P,25.74
2019,9,8,508,P,26.03
2019,9,9,508,P,26.35
2019,9,10,508,P,26.71
2019,9,11,508,P,26.89
2019,9,12,508,P,26.62
2019,9,13,508,P,26.02
2019,9,14,508,P,25.63
2019,9,15,508,P,25.6
2019,9,16,508,P,25.57
2019,9,17,508,P,25.49
2019,9,18,508,P,25.37
2019,9,19,508,P,24.97
2019,9,20,508,P,24.69
2019,9,21,508,P,24.42
2019,9,22,508,P,24.2
2019,9,23,508,P,23.31
2019,9,24,508,P,23.47
2019,9,25,508,P,23.65
2019,9,26,508,P,23.78
2019,9,27,508,P,23.88
2019,9,28,508,P,23.93
2019,9,29,508,P,24.16
2019,9,30,508,P,24.38
2019,10,1,508,P,24.65
2019,10,2,508,P,24.67
2019,10,3,508,P,24.64
2019,10,4,508,P,24.58
2019,10,5,508,P,24.67
2019,10,6,508,P,24.6
2019,10,7,508,P,24.43
2019,10,8,508,P,24.23
2019,10,9,508,P,24.22
2019,10,10,508,P,24.38
2019,10,11,508,P,24.41
2019,10,12,508,P,24.3
2019,10,13,508,P,24.13
2019,10,14,508,P,23.97
2019,10,15,508,P,23.77
2019,10,16,508,P,23.62
2019,10,17,508,P,23.5
2019,10,18,508,P,23.4
2019,10,19,508,P,23.11
2019,10,20,508,P,22.87
2019,10,21,508,P,22.78
2019,10,22,508,P,22.99
2019,10,23,508,P,23.04
2019,10,24,508,P,23.07
2019,10,25,508,P,22.49
2019,10,26,508,P,22.28
2019,10,27,508,P,22.19
2019,10,28,508,P,22.2
2019,10,29,508,P,22.36
2019,10,30,508,P,22.31
2019,10,31,508,P,22.47
2019,11,1,508,P,22.5
2019,11,2,508,P,22.44
2019,11,3,508,P,22.33
2019,11,4,508,P,22.2
2019,11,5,508,P,22.14
2019,11,6,508,P,22.08
2019,11,7,508,P,21.96
2019,11,8,508,P,21.85
2019,11,9,508,P,21.78
2019,11,10,508,P,21.68
2019,11,11,508,P,21.51
2019,11,12,508,P,21.43
2019,11,13,508,P,21.37
2019,11,14,508,P,21.19
2019,11,15,508,P,20.95
2019,11,16,508,P,20.7
2019,11,17,508,P,20.54
2019,11,18,508,P,20.4
2019,11,19,508,P,20.16
2019,11,20,508,P,20.01
2019,11,21,508,P,20.03
2019,11,22,508,P,20.01
2019,11,23,508,P,20.25
2019,11,24,508,P,20.37
2019,11,25,508,P,20.25
2019,11,26,508,P,19.98
2019,11,27,508,P,19.76
2019,11,28,508,P,19.4
2019,11,29,508,P,19.26
2019,11,30,508,P,19.23
2019,12,1,508,P,19.22
2019,12,2,508,P,19.1
2019,12,3,508,P,18.98
2019,12,4,508,P,18.85
2019,12,5,508,P,18.73
2019,12,6,508,P,18.65
2019,12,7,508,P,18.32
2019,12,8,508,P,18.22
2019,12,9,508,P,18.13
2019,12,10,508,P,18.09
2019,12,11,508,P,18.03
2019,12,12,508,P,17.89
2019,12,13,508,P,17.73
2019,12,14,508,P,17.51
2019,12,15,508,P,17.45
2019,12,16,508,P,17.47
2019,12,17,508,P,17.5
2019,12,18,508,P,17.5
2019,12,19,508,P,17.43
2019,12,20,508,P,17.11
2019,12,21,508,P,16.87
2019,12,22,508,P,16.64
2019,12,23,508,P,17.07
2019,12,24,508,P,17.01
2019,12,25,508,P,17.05
2019,12,26,508,P,16.98
2019,12,27,508,P,16.82
2019,12,28,508,P,16.81
2019,12,29,508,P,16.66
2019,12,30,508,P,16.54
2019,12,31,508,P,16.35
2020,1,1,508,P,16.21
2020,1,2,508,P,16.08
2020,1,3,508,P,16.04
2020,1,4,508,P,16.05
2020,1,5,508,P,16.06
2020,1,6,508,P,16.04
2020,1,7,508,P,16.01
2020,1,8,508,P,15.78
2020,1,9,508,P,15.58
2020,1,10,508,P,15.42
2020,1,11,508,P,15.34
2020,1,12,508,P,15.22
2020,1,13,508,P,15.12
2020,1,14,508,P,14.95
2020,1,15,508,P,14.92
2020,1,16,508,P,14.84
2020,1,17,508,P,14.78
2020,1,18,508,P,14.72
2020,1,19,508,P,14.65
2020,1,20,508,P,14.57
2020,1,21,508,P,14.6
2020,1,22,508,P,14.56
2020,1,23,508,P,14.54
2020,1,24,508,P,14.51
2020,1,25,508,P,14.61
2020,1,26,508,P,14.54
2020,1,27,508,P,14.5
2020,1,28,508,P,14.14
2020,1,29,508,P,14.29
2020,1,30,508,P,14.19
2020,1,31,508,P,14.19
2020,2,1,508,P,14.2
2020,2,2,508,P,14.11
2020,2,3,508,P,13.97
2020,2,4,508,P,13.89
2020,2,5,508,P,13.84
2020,2,6,508,P,13.73
2020,2,7,508,P,13.67
2020,2,8,508,P,13.59
2020,2,9,508,P,13.63
2020,2,10,508,P,13.68
2020,2,11,508,P,13.68
2020,2,12,508,P,13.65
2020,2,13,508,P,13.76
2020,2,14,508,P,13.76
2020,2,15,508,P,13.82
2020,2,16,508,P,13.78
2020,2,17,508,P,13.11
2020,2,18,508,P,12.63
2020,2,19,508,P,12.62
2020,2,20,508,P,12.7
2020,2,21,508,P,12.84
2020,2,22,508,P,12.82
2020,2,23,508,P,12.93
2020,2,24,508,P,12.99
2020,2,25,508,P,13.02
2020,2,26,508,P,13.08
2020,2,27,508,P,13.04
2020,2,28,508,P,12.98
2020,2,29,508,P,12.92
2020,3,1,508,P,12.81
2020,3,2,508,P,12.91
2020,3,3,508,P,12.91
2020,3,4,508,P,12.89
2020,3,5,508,P,12.79
2020,3,6,508,P,12.93
2020,3,7,508,P,12.95
2020,3,8,508,P,13.08
2020,3,9,508,P,13.09
2020,3,10,508,P,13.09
2020,3,11,508,P,12.94
2020,3,12,508,P,12.73
2020,3,13,508,P,12.55
2020,3,14,508,P,12.44
2020,3,15,508,P,12.49
2020,3,16,508,P,12.58
2020,3,17,508,P,12.69
2020,3,18,508,P,12.8
2020,3,19,508,P,12.98
2020,3,20,508,P,13.06
2020,3,21,508,P,12.87
2020,3,22,508,P,12.78
2020,3,23,508,P,12.95
2020,3,24,508,P,13.15
2020,3,25,508,P,13.32
2020,3,26,508,P,13.37
2020,3,27,508,P,13.41
2020,3,28,508,P,13.27
2020,3,29,508,P,12.84
2020,3,30,508,P,12.79
2020,3,31,508,P,12.9
2020,4,1,508,P,12.91
2020,4,2,508,P,13.01
2020,4,3,508,P,13.15
2020,4,4,508,P,13.43
2020,4,5,508,P,13.57
2020,4,6,508,P,13.62
2020,4,7,508,P,13.68
2020,4,8,508,P,13.65
2020,4,9,508,P,13.66
2020,4,10,508,P,13.69
2020,4,11,508,P,13.64
2020,4,12,508,P,13.65
2020,4,13,508,P,13.56
2020,4,14,508,P,13.65
2020,4,15,508,P,13.53
2020,4,16,508,P,13.79
2020,4,17,508,P,13.91
2020,4,18,508,P,13.78
2020,4,19,508,P,13.62
2020,4,20,508,P,13.76
2020,4,21,508,P,13.89
2020,4,22,508,P,13.95
2020,4,23,508,P,13.9
2020,4,24,508,P,13.82
2020,4,25,508,P,14.01
2020,4,26,508,P,14.16
2020,4,27,508,P,14.29
2020,4,28,508,P,14.52
2020,4,29,508,P,14.87
2020,4,30,508,P,15.14
2020,5,1,508,P,15.47
2020,5,2,508,P,15.57
2020,5,3,508,P,15.64
2020,5,4,508,P,15.71
2020,5,5,508,P,15.79
2020,5,6,508,P,16
2020,5,7,508,P,15.92
2020,5,8,508,P,15.93
2020,5,9,508,P,15.96
2020,5,10,508,P,16.01
2020,5,11,508,P,16.4
2020,5,12,508,P,16.42
2020,5,13,508,P,16.41
2020,5,14,508,P,16.64
2020,5,15,508,P,16.74
2020,5,16,508,P,16.87
2020,5,17,508,P,17
2020,5,18,508,P,17.37
2020,5,19,508,P,16.66
2020,5,20,508,P,16.73
2020,5,21,508,P,16.89
2020,5,22,508,P,16.71
2020,5,23,508,P,16.89
2020,5,24,508,P,17.36
2020,5,25,508,P,17.73
2020,5,26,508,P,18.11
2020,5,27,508,P,18.2
2020,5,28,508,P,18.77
2020,5,29,508,P,19.11
2020,5,30,508,P,19.28
2020,5,31,508,P,19.32
2020,6,1,508,P,19.1
2020,6,2,508,P,19.23
2020,6,3,508,P,19.21
2020,6,4,508,P,19.27
2020,6,5,508,P,19.24
2020,6,6,508,P,19.25
2020,6,7,508,P,19.74
2020,6,8,508,P,20.07
2020,6,9,508,P,20.23
2020,6,10,508,P,20.27
2020,6,11,508,P,20.23
2020,6,12,508,P,20.42
2020,6,13,508,P,20.6
2020,6,14,508,P,20.79
2020,6,15,508,P,20.84
2020,6,16,508,P,21.22
2020,6,17,508,P,21.3
2020,6,18,508,P,21.43
2020,6,19,508,P,20.69
2020,6,20,508,P,20.44
2020,6,21,508,P,20.33
2020,6,22,508,P,20.73
2020,6,23,508,P,21.25
2020,6,24,508,P,21.6
2020,6,25,508,P,21.78
2020,6,26,508,P,21.69
2020,6,27,508,P,21.68
2020,6,28,508,P,21.64
2020,6,29,508,P,21.45
2020,6,30,508,P,21.34
2020,7,1,508,P,21.18
2020,7,2,508,P,21.29
2020,7,3,508,P,21.33
2020,7,4,508,P,21.31
2020,7,5,508,P,21.28
2020,7,6,508,P,21.46
2020,7,7,508,P,21.64
2020,7,8,508,P,21.97
2020,7,9,508,P,22.22
2020,7,10,508,P,22.29
2020,7,11,508,P,22.14
2020,7,12,508,P,22.27
2020,7,13,508,P,22.3
2020,7,14,508,P,22.04
2020,7,15,508,P,22.09
2020,7,16,508,P,22.05
2020,7,17,508,P,22.73
2020,7,18,508,P,22.95
2020,7,19,508,P,23.18
2020,7,20,508,P,23.46
2020,7,21,508,P,23.86
2020,7,22,508,P,24.14
2020,7,23,508,P,24.36
2020,7,24,508,P,24.22
2020,7,25,508,P,24.08
2020,7,26,508,P,23.93
2020,7,27,508,P,23.97
2020,7,28,508,P,24.02
2020,7,29,508,P,24.42
2020,7,30,508,P,25.11
2020,7,31,508,P,25.31
2020,8,1,508,P,25.44
2020,8,2,508,P,25.62
2020,8,3,508,P,25.65
2020,8,4,508,P,25.7
2020,8,5,508,P,25.71
2020,8,6,508,P,25.62
2020,8,7,508,P,25.61
2020,8,8,508,P,25.53
2020,8,9,508,P,25.72
2020,8,10,508,P,25.89
2020,8,11,508,P,26
2020,8,12,508,P,26.36
2020,8,13,508,P,27.13
2020,8,14,508,P,27.64
2020,8,15,508,P,27.91
2020,8,16,508,P,27.98
2020,8,17,508,P,27.84
2020,8,18,508,P,27.63
2020,8,19,508,P,27.51
2020,8,20,508,P,27.46
2020,8,21,508,P,27.5
2020,8,22,508,P,27.44
2020,8,23,508,P,27.26
2020,8,24,508,P,27.3
2020,8,25,508,P,27.35
2020,8,26,508,P,27.32
2020,8,27,508,P,27.18
2020,8,28,508,P,27.12
2020,8,29,508,P,27.38
2020,8,30,508,P,27.64
2020,8,31,508,P,27.81
2020,9,1,508,P,27.66
2020,9,2,508,P,27.48
2020,9,3,508,P,26.91
2020,9,4,508,P,26.31
2020,9,5,508,P,25.94
2020,9,6,508,P,25.84
2020,9,7,508,P,25.53
2020,9,8,508,P,25.64
2020,9,9,508,P,25.54
2020,9,10,508,P,25.43
2020,9,11,508,P,25.28
2020,9,12,508,P,25.09
2020,9,13,508,P,24.89
2020,9,14,508,P,24.79
2020,9,15,508,P,24.67
2020,9,16,508,P,24.56
2020,9,17,508,P,24.49
2020,9,18,508,P,24.1
2020,9,19,508,P,24.01
2020,9,20,508,P,23.97
2020,9,21,508,P,24
2020,9,22,508,P,23.94
2020,9,23,508,P,23.85
2020,9,24,508,P,23.83
2020,9,25,508,P,23.7
2020,9,26,508,P,23.6
2020,9,27,508,P,23.79
2020,9,28,508,P,23.77
2020,9,29,508,P,23.73
2020,9,30,508,P,23.66
2020,10,1,508,P,23.66
2020,10,2,508,P,23.74
2020,10,3,508,P,23.8
2020,10,4,508,P,23.83
2020,10,5,508,P,23.77
2020,10,6,508,P,23.66
2020,10,7,508,P,23.56
2020,10,8,508,P,23.47
2020,10,9,508,P,23.37
2020,10,10,508,P,23.09
2020,10,11,508,P,23.11
2020,10,12,508,P,23.21
2020,10,13,508,P,23.32
2020,10,14,508,P,23.34
2020,10,15,508,P,23.24
2020,10,16,508,P,23.15
2020,10,17,508,P,22.7
2020,10,18,508,P,22.4
2020,10,19,508,P,22.23
2020,10,20,508,P,22.37
2020,10,21,508,P,22.48
2020,10,22,508,P,22.52
2020,10,23,508,P,22.34
2020,10,24,508,P,22.18
2020,10,25,508,P,22.07
2020,10,26,508,P,22.02
2020,10,27,508,P,22
2020,10,28,508,P,21.93
2020,10,29,508,P,21.83
2020,10,30,508,P,21.75
2020,10,31,508,P,21.62
2020,11,1,508,P,21.53
2020,11,2,508,P,21.43
2020,11,3,508,P,21.26
2020,11,4,508,P,21.21
2020,11,5,508,P,21.21
2020,11,6,508,P,21.24
2020,11,7,508,P,21.21
2020,11,8,508,P,20.93
2020,11,9,508,P,20.73
2020,11,10,508,P,20.62
2020,11,11,508,P,20.55
2020,11,12,508,P,20.53
2020,11,13,508,P,20.53
2020,11,14,508,P,20.5
2020,11,15,508,P,20.48
2020,11,16,508,P,20.36
2020,11,17,508,P,20.37
2020,11,18,508,P,20.27
2020,11,19,508,P,20.4
2020,11,20,508,P,20.31
2020,11,21,508,P,20.2
2020,11,22,508,P,20.04
2020,11,23,508,P,20.01
2020,11,24,508,P,19.97
2020,11,25,508,P,19.94
2020,11,26,508,P,19.98
2020,11,27,508,P,19.88
2020,11,28,508,P,19.68
2020,11,29,508,P,19.54
2020,11,30,508,P,19.33
2020,12,1,508,P,19.24
2020,12,2,508,P,19.19
2020,12,3,508,P,19.1
2020,12,4,508,P,18.87
2020,12,5,508,P,18.8
2020,12,6,508,P,18.74
2020,12,7,508,P,18.72
2020,12,8,508,P,18.7
2020,12,9,508,P,18.46
2020,12,10,508,P,18.31
2020,12,11,508,P,18.16
2020,12,12,508,P,18.05
2020,12,13,508,P,17.95
2020,12,14,508,P,17.68
2020,12,15,508,P,17.11
2020,12,16,508,P,16.68
2020,12,17,508,P,16.52
2020,12,18,508,P,16.4
2020,12,19,508,P,16.28
2020,12,20,508,P,16.2
2020,12,21,508,P,16.17
2020,12,22,508,P,16.22
2020,12,23,508,P,16.11
2020,12,24,508,P,16.05
2020,12,25,508,P,15.82
2020,12,26,508,P,15.66
2020,12,27,508,P,15.49
2020,12,28,508,P,15.42
2020,12,29,508,P,15.29
2020,12,30,508,P,15.03
2020,12,31,508,P,14.74
2021,1,1,508,P,14.5
2021,1,2,508,P,14.38
2021,1,3,508,P,14.07
2021,1,4,508,P,13.88
2021,1,5,508,P,13.74
2021,1,6,508,P,13.79
2021,1,7,508,P,13.77
2021,1,8,508,P,13.72
2021,1,9,508,P,13.67
2021,1,10,508,P,13.6
2021,1,11,508,P,13.49
2021,1,12,508,P,13.49
2021,1,13,508,P,13.29
2021,1,14,508,P,13.18
2021,1,15,508,P,13.08
2021,1,16,508,P,12.75
2021,1,17,508,P,12.56
2021,1,18,508,P,12.48
2021,1,19,508,P,12.63
2021,1,20,508,P,12.94
2021,1,21,508,P,13.11
2021,1,22,508,P,13.34
2021,1,23,508,P,13.48
2021,1,24,508,P,13.1
2021,1,25,508,P,12.52
2021,1,26,508,P,12.33
2021,1,27,508,P,12.57
2021,1,28,508,P,12.69
2021,1,29,508,P,12.72
2021,1,30,508,P,12.63
2021,1,31,508,P,12.79
2021,2,1,508,P,12.82
2021,2,2,508,P,12.71
2021,2,3,508,P,12.66
2021,2,4,508,P,12.67
2021,2,5,508,P,12.6
2021,2,6,508,P,12.68
2021,2,7,508,P,12.66
2021,2,8,508,P,12.6
2021,2,9,508,P,12.54
2021,2,10,508,P,12.41
2021,2,11,508,P,12.32
2021,2,12,508,P,12.23
2021,2,13,508,P,12.18
2021,2,14,508,P,12.71
2021,2,15,508,P,12.84
2021,2,16,508,P,12.72
2021,2,17,508,P,12.45
2021,2,18,508,P,12.03
2021,2,19,508,P,11.96
2021,2,20,508,P,12.19
2021,2,21,508,P,12.53
2021,2,22,508,P,12.74
2021,2,23,508,P,12.62
2021,2,24,508,P,12.31
2021,2,25,508,P,11.91
2021,2,26,508,P,11.67
2021,2,27,508,P,11.77
2021,2,28,508,P,11.51
2021,3,1,508,P,11.49
2021,3,2,508,P,11.53
2021,3,3,508,P,11.51
2021,3,4,508,P,11.48
2021,3,5,508,P,11.55
2021,3,6,508,P,11.68
2021,3,7,508,P,11.71
2021,3,8,508,P,12.24
2021,3,9,508,P,12.26
2021,3,10,508,P,12.37
2021,3,11,508,P,12.36
2021,3,12,508,P,12.38
2021,3,13,508,P,12.35
2021,3,14,508,P,12.35
2021,3,15,508,P,12.38
2021,3,16,508,P,12.4
2021,3,17,508,P,12.25
2021,3,18,508,P,12.22
2021,3,19,508,P,12.38
2021,3,20,508,P,12.52
2021,3,21,508,P,12.57
2021,3,22,508,P,12.54
2021,3,23,508,P,12.71
2021,3,24,508,P,12.78
2021,3,25,508,P,13.04
2021,3,26,508,P,13.2
2021,3,27,508,P,13.28
2021,3,28,508,P,13.23
2021,3,29,508,P,12.72
2021,3,30,508,P,12.22
2021,3,31,508,P,12.13
2021,4,1,508,P,12.51
2021,4,2,508,P,13.12
2021,4,3,508,P,13.64
2021,4,4,508,P,13.87
2021,4,5,508,P,14.06
2021,4,6,508,P,14.24
2021,4,7,508,P,14.36
2021,4,8,508,P,14.31
2021,4,9,508,P,14.19
2021,4,10,508,P,14.07
2021,4,11,508,P,13.94
2021,4,12,508,P,13.94
2021,4,13,508,P,13.92
2021,4,14,508,P,13.84
2021,4,15,508,P,13.72
2021,4,16,508,P,13.8
2021,4,17,508,P,13.7
2021,4,18,508,P,13.42
2021,4,19,508,P,13.63
2021,4,20,508,P,14.03
2021,4,21,508,P,14.49
2021,4,22,508,P,14.89
2021,4,23,508,P,15.06
2021,4,24,508,P,15.45
2021,4,25,508,P,15.55
2021,4,26,508,P,15.24
2021,4,27,508,P,14.96
2021,4,28,508,P,14.82
2021,4,29,508,P,14.76
2021,4,30,508,P,14.83
2021,5,1,508,P,14.82
2021,5,2,508,P,14.69
2021,5,3,508,P,14.69
2021,5,4,508,P,14.78
2021,5,5,508,P,14.77
2021,5,6,508,P,15.05
2021,5,7,508,P,15.13
2021,5,8,508,P,15.24
2021,5,9,508,P,15.13
2021,5,10,508,P,15.09
2021,5,11,508,P,15.16
2021,5,12,508,P,15.18
2021,5,13,508,P,15.21
2021,5,14,508,P,16.46
2021,5,15,508,P,16.88
2021,5,16,508,P,17.32
2021,5,17,508,P,17.32
2021,5,18,508,P,17.46
2021,5,19,508,P,17.59
2021,5,20,508,P,17.69
2021,5,21,508,P,17.71
2021,5,22,508,P,17.14
2021,5,23,508,P,17.36
2021,5,24,508,P,17.48
2021,5,25,508,P,17.43
2021,5,26,508,P,17.21
2021,5,27,508,P,17.13
2021,5,28,508,P,17.25
2021,5,29,508,P,17.37
2021,5,30,508,P,17.71
2021,5,31,508,P,18
2021,6,1,508,P,18.14
2021,6,2,508,P,18.33
2021,6,3,508,P,18.37
2021,6,4,508,P,18.09
2021,6,5,508,P,18
2021,6,6,508,P,18.35
2021,6,7,508,P,19.32
2021,6,8,508,P,19.7
2021,6,9,508,P,20.05
2021,6,10,508,P,20.27
2021,6,11,508,P,20.4
2021,6,12,508,P,20.42
2021,6,13,508,P,20.21
2021,6,14,508,P,20.09
2021,6,15,508,P,20.01
2021,6,16,508,P,20.1
2021,6,17,508,P,20.33
2021,6,18,508,P,20.48
2021,6,19,508,P,21.06
2021,6,20,508,P,21.49
2021,6,21,508,P,21.79
2021,6,22,508,P,21.83
2021,6,23,508,P,21.9
2021,6,24,508,P,21.87
2021,6,25,508,P,21.87
2021,6,26,508,P,21.91
2021,6,27,508,P,21.9
2021,6,28,508,P,21.64
2021,6,29,508,P,22.29
2021,6,30,508,P,22.3
2021,7,1,508,P,22.39
2021,7,2,508,P,22.56
2021,7,3,508,P,22.76
2021,7,4,508,P,22.98
2021,7,5,508,P,23.27
2021,7,6,508,P,23.51
2021,7,7,508,P,23.85
2021,7,8,508,P,23.84
2021,7,9,508,P,23.42
2021,7,10,508,P,23.57
2021,7,11,508,P,23.79
2021,7,12,508,P,24.11
2021,7,13,508,P,24.37
2021,7,14,508,P,24.58
2021,7,15,508,P,24.68
2021,7,16,508,P,24.74
2021,7,17,508,P,24.64
2021,7,18,508,P,24.33
2021,7,19,508,P,24.08
2021,7,20,508,P,24.43
2021,7,21,508,P,24.56
2021,7,22,508,P,24.75
2021,7,23,508,P,24.87
2021,7,24,508,P,25.09
2021,7,25,508,P,25.21
2021,7,26,508,P,25.3
2021,7,27,508,P,25.57
2021,7,28,508,P,25.72
2021,7,29,508,P,25.82
2021,7,30,508,P,25.86
2021,7,31,508,P,25.95
2021,8,1,508,P,25.97
2021,8,2,508,P,26.05
2021,8,3,508,P,26.27
2021,8,4,508,P,26.64
2021,8,5,508,P,27.06
2021,8,6,508,P,27.29
2021,8,7,508,P,27.35
2021,8,8,508,P,27.29
2021,8,9,508,P,26.93
2021,8,10,508,P,26.42
2021,8,11,508,P,26.04
2021,8,12,508,P,25.82
2021,8,13,508,P,25.48
2021,8,14,508,P,25.52
2021,8,15,508,P,25.31
2021,8,16,508,P,25.42
2021,8,17,508,P,25.65
2021,8,18,508,P,25.01
2021,8,19,508,P,25.09
2021,8,20,508,P,24.99
2021,8,21,508,P,25.2
2021,8,22,508,P,25.06
2021,8,23,508,P,25.41
2021,8,24,508,P,25.46
2021,8,25,508,P,25.22
2021,8,26,508,P,25.22
2021,8,27,508,P,25.68
2021,8,28,508,P,26.15
2021,8,29,508,P,26.55
2021,8,30,508,P,26.73
2021,8,31,508,P,26.89
2021,9,1,508,P,26.95
2021,9,2,508,P,26.99
2021,9,3,508,P,26.79
2021,9,4,508,P,26.39
2021,9,5,508,P,26.26
2021,9,6,508,P,26.11
2021,9,7,508,P,26
2021,9,8,508,P,25.74
2021,9,9,508,P,26.07
2021,9,10,508,P,26.15
2021,9,11,508,P,26.13
2021,9,12,508,P,26.06
2021,9,13,508,P,25.93
2021,9,14,508,P,25.76
2021,9,15,508,P,24.84
2021,9,16,508,P,24.64
2021,9,17,508,P,24.45
2021,9,18,508,P,24.93
2021,9,19,508,P,24.96
2021,9,20,508,P,24.94
2021,9,21,508,P,24.82
2021,9,22,508,P,24.73
2021,9,23,508,P,24.62
2021,9,24,508,P,24.55
2021,9,25,508,P,24.45
2021,9,26,508,P,24.41
2021,9,27,508,P,24.33
2021,9,28,508,P,24.23
2021,9,29,508,P,24.61
2021,9,30,508,P,24.9
2021,10,1,508,P,24.99
2021,10,2,508,P,24.81
2021,10,3,508,P,24.68
2021,10,4,508,P,24.74
2021,10,5,508,P,24.91
2021,10,6,508,P,25.04
2021,10,7,508,P,25.18
2021,10,8,508,P,25.18
2021,10,9,508,P,25.24
2021,10,10,508,P,25.38
2021,10,11,508,P,25.36
2021,10,12,508,P,25.26
2021,10,13,508,P,25.01
2021,10,14,508,P,25.02
2021,10,15,508,P,25.19
2021,10,16,508,P,25.21
2021,10,17,508,P,24.91
2021,10,18,508,P,24.55
2021,10,19,508,P,24.19
2021,10,20,508,P,23.89
2021,10,21,508,P,23.73
2021,10,22,508,P,23.31
2021,10,23,508,P,23.13
2021,10,24,508,P,23.01
2021,10,25,508,P,22.9
2021,10,26,508,P,22.75
2021,10,27,508,P,22.69
2021,10,28,508,P,22.59
2021,10,29,508,P,22.4
2021,10,30,508,P,22.13
2021,10,31,508,P,21.9
2021,11,1,508,P,21.67
2021,11,2,508,P,21.43
2021,11,3,508,P,21.29
2021,11,4,508,P,21.33
2021,11,5,508,P,21.38
2021,11,6,508,P,21.37
2021,11,7,508,P,21.31
2021,11,8,508,P,21.29
2021,11,9,508,P,20.8
2021,11,10,508,P,20.46
2021,11,11,508,P,20.39
2021,11,12,508,P,20.39
2021,11,13,508,P,20.35
2021,11,14,508,P,20.23
2021,11,15,508,P,20.16
2021,11,16,508,P,20.03
2021,11,17,508,P,19.8
2021,11,18,508,P,19.53
2021,11,19,508,P,19.49
2021,11,20,508,P,19.54
2021,11,21,508,P,19.54
2021,11,22,508,P,19.54
2021,11,23,508,P,19.03
2021,11,24,508,P,18.82
2021,11,25,508,P,18.81
2021,11,26,508,P,18.9
2021,11,27,508,P,18.94
2021,11,28,508,P,18.9
2021,11,29,508,P,18.87
2021,11,30,508,P,18.78
2021,12,1,508,P,18.5
2021,12,2,508,P,18.18
2021,12,3,508,P,18.07
2021,12,4,508,P,17.98
2021,12,5,508,P,17.93
2021,12,6,508,P,17.88
2021,12,7,508,P,17.86
2021,12,8,508,P,17.75
2021,12,9,508,P,17.64
2021,12,10,508,P,17.59
2021,12,11,508,P,17.59
2021,12,12,508,P,17.55
2021,12,13,508,P,17.43
2021,12,14,508,P,17.23
2021,12,15,508,P,17.09
2021,12,16,508,P,17.02
2021,12,17,508,P,16.75
2021,12,18,508,P,16.5
2021,12,19,508,P,16.37
2021,12,20,508,P,16.35
2021,12,21,508,P,16.33
2021,12,22,508,P,16.43
2021,12,23,508,P,16.47
2021,12,24,508,P,16.42
2021,12,25,508,P,16.18
2021,12,26,508,P,15.78
2021,12,27,508,P,15.37
2021,12,28,508,P,15.15
2021,12,29,508,P,15.04
2021,12,30,508,P,15
2021,12,31,508,P,14.86
2022,1,1,508,P,14.87
2022,1,2,508,P,14.81
2022,1,3,508,P,14.79
2022,1,4,508,P,14.7
2022,1,5,508,P,14.58
2022,1,6,508,P,14.5
2022,1,7,508,P,14.44
2022,1,8,508,P,14.46
2022,1,9,508,P,14.38
2022,1,10,508,P,14.43
2022,1,11,508,P,14.32
2022,1,12,508,P,14.16
2022,1,13,508,P,13.81
2022,1,14,508,P,13.55
2022,1,15,508,P,13.4
2022,1,16,508,P,13.36
2022,1,17,508,P,13.3
2022,1,18,508,P,13.31
2022,1,19,508,P,13.35
2022,1,20,508,P,13.25
2022,1,21,508,P,13.08
2022,1,22,508,P,13.02
2022,1,23,508,P,12.94
2022,1,24,508,P,12.8
2022,1,25,508,P,12.77
2022,1,26,508,P,12.75
2022,1,27,508,P,12.67
2022,1,28,508,P,12.62
2022,1,29,508,P,12.79
2022,1,30,508,P,12.52
2022,1,31,508,P,12.43
2022,2,1,508,P,12.34
2022,2,2,508,P,12.15
2022,2,3,508,P,12.07
2022,2,4,508,P,12.24
2022,2,5,508,P,12.22
2022,2,6,508,P,12.18
2022,2,7,508,P,12.12
2022,2,8,508,P,11.96
2022,2,9,508,P,11.79
2022,2,10,508,P,11.86
2022,2,11,508,P,11.91
2022,2,12,508,P,12
2022,2,13,508,P,12.05
2022,2,14,508,P,11.96
2022,2,15,508,P,11.85
2022,2,16,508,P,11.69
2022,2,17,508,P,11.36
2022,2,18,508,P,11.12
2022,2,19,508,P,10.89
2022,2,20,508,P,10.66
2022,2,21,508,P,10.71
2022,2,22,508,P,10.8
2022,2,23,508,P,10.8
2022,2,24,508,P,10.86
2022,2,25,508,P,10.96
2022,2,26,508,P,11.03
2022,2,27,508,P,11.06
2022,2,28,508,P,11.08
2022,3,1,508,P,11.07
2022,3,2,508,P,10.93
2022,3,3,508,P,10.83
2022,3,4,508,P,10.7
2022,3,5,508,P,10.44
2022,3,6,508,P,10.46
2022,3,7,508,P,10.5
2022,3,8,508,P,10.83
2022,3,9,508,P,11.09
2022,3,10,508,P,11.15
2022,3,11,508,P,11.31
2022,3,12,508,P,11.51
2022,3,13,508,P,11.67
2022,3,14,508,P,12.03
2022,3,15,508,P,12.23
2022,3,16,508,P,12.31
2022,3,17,508,P,12.27
2022,3,18,508,P,12.13
2022,3,19,508,P,11.34
2022,3,20,508,P,11.24
2022,3,21,508,P,11.2
2022,3,22,508,P,11.35
2022,3,23,508,P,11.38
2022,3,24,508,P,11.88
2022,3,25,508,P,11.93
2022,3,26,508,P,12.19
2022,3,27,508,P,12.41
2022,3,28,508,P,12.55
2022,3,29,508,P,12.53
2022,3,30,508,P,12.44
2022,3,31,508,P,12.36
2022,4,1,508,P,11.66
2022,4,2,508,P,11.41
2022,4,3,508,P,11.79
2022,4,4,508,P,12.19
2022,4,5,508,P,12.48
2022,4,6,508,P,12.55
2022,4,7,508,P,12.68
2022,4,8,508,P,13.12
2022,4,9,508,P,13.6
2022,4,10,508,P,13.96
2022,4,11,508,P,14.07
2022,4,12,508,P,14.3
2022,4,13,508,P,14.35
2022,4,14,508,P,14.43
2022,4,15,508,P,14.18
2022,4,16,508,P,13.33
2022,4,17,508,P,13.4
2022,4,18,508,P,13.53
2022,4,19,508,P,14.06
2022,4,20,508,P,14.49
2022,4,21,508,P,14.78
2022,4,22,508,P,14.77
2022,4,23,508,P,14.75
2022,4,24,508,P,14.78
2022,4,25,508,P,15.13
2022,4,26,508,P,15.35
2022,4,27,508,P,15.36
2022,4,28,508,P,14.92
2022,4,29,508,P,14.8
2022,4,30,508,P,14.57
2022,5,1,508,P,14.34
2022,5,2,508,P,14.4
2022,5,3,508,P,14.81
2022,5,4,508,P,15.25
2022,5,5,508,P,15.57
2022,5,6,508,P,15.73
2022,5,7,508,P,16.06
2022,5,8,508,P,16.01
2022,5,9,508,P,15.97
2022,5,10,508,P,15.82
2022,5,11,508,P,15.66
2022,5,12,508,P,15.89
2022,5,13,508,P,16.06
2022,5,14,508,P,16.26
2022,5,15,508,P,16.29
2022,5,16,508,P,16.51
2022,5,17,508,P,16.84
2022,5,18,508,P,17.38
2022,5,19,508,P,17.47
2022,5,20,508,P,17.66
2022,5,21,508,P,17.48
2022,5,22,508,P,17.9
2022,5,23,508,P,17.92
2022,5,24,508,P,18.17
2022,5,25,508,P,18.37
2022,5,26,508,P,18.47
2022,5,27,508,P,18.55
2022,5,28,508,P,18.42
2022,5,29,508,P,18.65
2022,5,30,508,P,18.75
2022,5,31,508,P,18.59
2022,6,1,508,P,18.53
2022,6,2,508,P,18.72
2022,6,3,508,P,18.87
2022,6,4,508,P,18.98
2022,6,5,508,P,19.18
2022,6,6,508,P,18.89
2022,6,7,508,P,18.5
2022,6,8,508,P,18.65
2022,6,9,508,P,18.87
2022,6,10,508,P,19.05
2022,6,11,508,P,19.19
2022,6,12,508,P,19.57
2022,6,13,508,P,19.75
2022,6,14,508,P,19.8
2022,6,15,508,P,19.56
2022,6,16,508,P,19.86
2022,6,17,508,P,20.04
2022,6,18,508,P,20.28
2022,6,19,508,P,20.37
2022,6,20,508,P,20.59
2022,6,21,508,P,20.64
2022,6,22,508,P,21.77
2022,6,23,508,P,22.02
2022,6,24,508,P,21.88
2022,6,25,508,P,21.79
2022,6,26,508,P,21.88
2022,6,27,508,P,21.9
2022,6,28,508,P,22.05
2022,6,29,508,P,22.49
2022,6,30,508,P,23.15
2022,7,1,508,P,23.94
2022,7,2,508,P,24.43
2022,7,3,508,P,24.62
2022,7,4,508,P,24.63
2022,7,5,508,P,24.36
2022,7,6,508,P,23.97
2022,7,7,508,P,23.92
2022,7,8,508,P,23.82
2022,7,9,508,P,24.33
2022,7,10,508,P,24.29
2022,7,11,508,P,24.31
2022,7,12,508,P,24.24
2022,7,13,508,P,24.19
2022,7,14,508,P,24.26
2022,7,15,508,P,24.37
2022,7,16,508,P,24.52
2022,7,17,508,P,24.6
2022,7,18,508,P,24.59
2022,7,19,508,P,24.5
2022,7,20,508,P,24.39
2022,7,21,508,P,24.59
2022,7,22,508,P,24.32
2022,7,23,508,P,24.32
2022,7,24,508,P,24.25
2022,7,25,508,P,24.5
2022,7,26,508,P,25.26
2022,7,27,508,P,25.28
2022,7,28,508,P,25.45
2022,7,29,508,P,25.42
2022,7,30,508,P,25.41
2022,7,31,508,P,25.34
2022,8,1,508,P,25.27
2022,8,2,508,P,25.22
2022,8,3,508,P,25.43
2022,8,4,508,P,25.69
2022,8,5,508,P,25.8
2022,8,6,508,P,25.92
2022,8,7,508,P,26.14
2022,8,8,508,P,26.35
2022,8,9,508,P,26.16
2022,8,10,508,P,26.35
2022,8,11,508,P,26.39
2022,8,12,508,P,26.42
2022,8,13,508,P,26.53
2022,8,14,508,P,26.71
2022,8,15,508,P,26.81
2022,8,16,508,P,26.85
2022,8,17,508,P,26.74
2022,8,18,508,P,26.13
2022,8,19,508,P,26.01
2022,8,20,508,P,26.05
2022,8,21,508,P,26.24
2022,8,22,508,P,26.21
2022,8,23,508,P,26.72
2022,8,24,508,P,26.78
2022,8,25,508,P,26.5
2022,8,26,508,P,26.24
2022,8,27,508,P,26.11
2022,8,28,508,P,25.95
2022,8,29,508,P,25.49
2022,8,30,508,P,25.6
2022,8,31,508,P,25.64
2022,9,1,508,P,25.72
2022,9,2,508,P,25.7
2022,9,3,508,P,25.58
2022,9,4,508,P,25.98
2022,9,5,508,P,25.93
2022,9,6,508,P,26.06
2022,9,7,508,P,25.95
2022,9,8,508,P,25.93
2022,9,9,508,P,25.96
2022,9,10,508,P,25.79
2022,9,11,508,P,25.71
2022,9,12,508,P,25.76
2022,9,13,508,P,25.81
2022,9,14,508,P,25.93
2022,9,15,508,P,26.3
2022,9,16,508,P,26.33
2022,9,17,508,P,26.25
2022,9,18,508,P,26.04
2022,9,19,508,P,25.77
2022,9,20,508,P,24.95
2022,9,21,508,P,24.87
2022,9,22,508,P,24.94
2022,9,23,508,P,25.03
2022,9,24,508,P,25.14
2022,9,25,508,P,25.21
2022,9,26,508,P,25.19
2022,9,27,508,P,25.07
2022,9,28,508,P,24.54
2022,9,29,508,P,24.28
2022,9,30,508,P,24.52
2022,10,1,508,P,24.8
2022,10,2,508,P,25.21
2022,10,3,508,P,25.25
2022,10,4,508,P,25.23
2022,10,5,508,P,25
2022,10,6,508,P,24.76
2022,10,7,508,P,24.43
2022,10,8,508,P,24.05
2022,10,9,508,P,23.93
2022,10,10,508,P,23.89
2022,10,11,508,P,23.8
2022,10,12,508,P,23.88
2022,10,13,508,P,23.92
2022,10,14,508,P,24.12
2022,10,15,508,P,24.22
2022,10,16,508,P,24.18
2022,10,17,508,P,24.13
2022,10,18,508,P,23.6
2022,10,19,508,P,23.15
2022,10,20,508,P,22.99
2022,10,21,508,P,23.07
2022,10,22,508,P,23.18
2022,10,23,508,P,23.21
2022,10,24,508,P,23.08
2022,10,25,508,P,22.93
2022,10,26,508,P,22.75
2022,10,27,508,P,22.59
2022,10,28,508,P,22.47
2022,10,29,508,P,22.49
2022,10,30,508,P,22.48
2022,10,31,508,P,22.39
2022,11,1,508,P,22.24
2022,11,2,508,P,22.23
2022,11,3,508,P,22.27
2022,11,4,508,P,22.17
2022,11,5,508,P,21.96
2022,11,6,508,P,21.71
2022,11,7,508,P,21.56
2022,11,8,508,P,21.53
2022,11,9,508,P,21.56
2022,11,10,508,P,21.63
2022,11,11,508,P,21.68
2022,11,12,508,P,21.67
2022,11,13,508,P,21.51
2022,11,14,508,P,21.22
2022,11,15,508,P,20.92
2022,11,16,508,P,20.79
2022,11,17,508,P,20.72
2022,11,18,508,P,20.8
2022,11,19,508,P,20.76
2022,11,20,508,P,20.78
2022,11,21,508,P,20.75
2022,11,22,508,P,20.6
2022,11,23,508,P,20.44
2022,11,24,508,P,20.32
2022,11,25,508,P,20.45
2022,11,26,508,P,20.56
2022,11,27,508,P,20.52
2022,11,28,508,P,20.35
2022,11,29,508,P,20.19
2022,11,30,508,P,19.92
2022,12,1,508,P,18.76
2022,12,2,508,P,18.4
2022,12,3,508,P,18.41
2022,12,4,508,P,18.52
2022,12,5,508,P,18.83
2022,12,6,508,P,19.42
2022,12,7,508,P,19.19
2022,12,8,508,P,18.94
2022,12,9,508,P,18.58
2022,12,10,508,P,18.71
2022,12,11,508,P,18.58
2022,12,12,508,P,18.33
2022,12,13,508,P,18.02
2022,12,14,508,P,17.74
2022,12,15,508,P,17.47
2022,12,16,508,P,17.37
2022,12,17,508,P,17.32
2022,12,18,508,P,17.21
2022,12,19,508,P,17.05
2022,12,20,508,P,17.04
2022,12,21,508,P,16.96
2022,12,22,508,P,16.81
2022,12,23,508,P,16.53
2022,12,24,508,P,16.26
2022,12,25,508,P,16.01
2022,12,26,508,P,15.84
2022,12,27,508,P,15.58
2022,12,28,508,P,15.42
2022,12,29,508,P,15.33
2022,12,30,508,P,15.19
2022,12,31,508,P,15.06
2023,1,1,508,P,14.84
2023,1,2,508,P,14.73
2023,1,3,508,P,14.64
2023,1,4,508,P,14.53
2023,1,5,508,P,14.43
2023,1,6,508,P,14.45
2023,1,7,508,P,14.39
2023,1,8,508,P,14.49
2023,1,9,508,P,14.58
2023,1,10,508,P,14.68
2023,1,11,508,P,14.67
2023,1,12,508,P,14.67
2023,1,13,508,P,14.64
2023,1,14,508,P,14.55
2023,1,15,508,P,14.46
2023,1,16,508,P,13.46
2023,1,17,508,P,13.43
2023,1,18,508,P,13.41
2023,1,19,508,P,13.59
2023,1,20,508,P,13.53
2023,1,21,508,P,13.69
2023,1,22,508,P,13.67
2023,1,23,508,P,13.66
2023,1,24,508,P,13.47
2023,1,25,508,P,13.25
2023,1,26,508,P,13.02
2023,1,27,508,P,13.14
2023,1,28,508,P,13.2
2023,1,29,508,P,12.88
2023,1,30,508,P,12.89
2023,1,31,508,P,12.89
2023,2,1,508,P,12.86
2023,2,2,508,P,12.59
2023,2,3,508,P,12.31
2023,2,4,508,P,12.16
2023,2,5,508,P,12.21
2023,2,6,508,P,12.26
2023,2,7,508,P,12.28
2023,2,8,508,P,12.38
2023,2,9,508,P,12.31
2023,2,10,508,P,12.26
2023,2,11,508,P,12.06
2023,2,12,508,P,11.94
2023,2,13,508,P,11.85
2023,2,14,508,P,11.3
2023,2,15,508,P,11.14
2023,2,16,508,P,11.91
2023,2,17,508,P,12.24
2023,2,18,508,P,12.44
2023,2,19,508,P,12.43
2023,2,20,508,P,12.39
2023,2,21,508,P,12.24
2023,2,22,508,P,12.08
2023,2,23,508,P,11.95
2023,2,24,508,P,11.92
2023,2,25,508,P,11.95
2023,2,26,508,P,12.17
2023,2,27,508,P,12.22
2023,2,28,508,P,12.3
2023,3,1,508,P,12.3
2023,3,2,508,P,12.17
2023,3,3,508,P,11.98
2023,3,4,508,P,11.78
2023,3,5,508,P,11.74
2023,3,6,508,P,11.93
2023,3,7,508,P,12.1
2023,3,8,508,P,12.2
2023,3,9,508,P,12.23
2023,3,10,508,P,12.35
2023,3,11,508,P,12.51
2023,3,12,508,P,12.6
2023,3,13,508,P,12.53
2023,3,14,508,P,12.6
2023,3,15,508,P,12.74
2023,3,16,508,P,13.16
2023,3,17,508,P,13.29
2023,3,18,508,P,13.14
2023,3,19,508,P,12.87
2023,3,20,508,P,12.83
2023,3,21,508,P,12.78
2023,3,22,508,P,13.09
2023,3,23,508,P,13.59
2023,3,24,508,P,13.94
2023,3,25,508,P,14.08
2023,3,26,508,P,13.68
2023,3,27,508,P,12.65
2023,3,28,508,P,12.88
2023,3,29,508,P,12.91
2023,3,30,508,P,12.98
2023,3,31,508,P,13.29
2023,4,1,508,P,13.65
2023,4,2,508,P,13.98
2023,4,3,508,P,14.11
2023,4,4,508,P,14.07
2023,4,5,508,P,14.06
2023,4,6,508,P,14.09
2023,4,7,508,P,13.64
2023,4,8,508,P,13.44
2023,4,9,508,P,13.56
2023,4,10,508,P,13.54
2023,4,11,508,P,13.56
2023,4,12,508,P,13.48
2023,4,13,508,P,13.39
2023,4,14,508,P,13.19
2023,4,15,508,P,13.04
2023,4,16,508,P,13.52
2023,4,17,508,P,13.7
2023,4,18,508,P,13.86
2023,4,19,508,P,13.96
2023,4,20,508,P,14.22
2023,4,21,508,P,14.38
2023,4,22,508,P,14.39
2023,4,23,508,P,14.48
2023,4,24,508,P,14.57
2023,4,25,508,P,14.7
2023,4,26,508,P,14.73
2023,4,27,508,P,14.9
2023,4,28,508,P,15.11
2023,4,29,508,P,15.26
2023,4,30,508,P,15.23
2023,5,1,508,P,15.15
2023,5,2,508,P,15.21
2023,5,3,508,P,15.34
2023,5,4,508,P,15.49
2023,5,5,508,P,15.83
2023,5,6,508,P,16.01
2023,5,7,508,P,16.26
2023,5,8,508,P,15.28
2023,5,9,508,P,15.37
2023,5,10,508,P,15.64
2023,5,11,508,P,15.86
2023,5,12,508,P,16.16
2023,5,13,508,P,16.35
2023,5,14,508,P,16.9
2023,5,15,508,P,17.51
2023,5,16,508,P,17.74
2023,5,17,508,P,17.73
2023,5,18,508,P,17.73
2023,5,19,508,P,17.52
2023,5,20,508,P,17.19
2023,5,21,508,P,17.26
2023,5,22,508,P,17.43
2023,5,23,508,P,17.49
2023,5,24,508,P,17.54
2023,5,25,508,P,17.61
2023,5,26,508,P,17.68
2023,5,27,508,P,17.85
2023,5,28,508,P,18.19
2023,5,29,508,P,18.7
2023,5,30,508,P,19.31
2023,5,31,508,P,19.3
2023,6,1,508,P,19.28
2023,6,2,508,P,18.96
2023,6,3,508,P,19.09
2023,6,4,508,P,19.22
2023,6,5,508,P,19.32
2023,6,6,508,P,19.41
2023,6,7,508,P,18.9
2023,6,8,508,P,18.64
2023,6,9,508,P,18.55
2023,6,10,508,P,18.34
2023,6,11,508,P,18.53
2023,6,12,508,P,18.6
2023,6,13,508,P,19.01
2023,6,14,508,P,19.51
2023,6,15,508,P,20.53
2023,6,16,508,P,20.71
2023,6,17,508,P,20.98
2023,6,18,508,P,21.09
2023,6,19,508,P,21.33
2023,6,20,508,P,21.39
2023,6,21,508,P,21.45
2023,6,22,508,P,21.26
2023,6,23,508,P,21.04
2023,6,24,508,P,20.95
2023,6,25,508,P,20.71
2023,6,26,508,P,21.14
2023,6,27,508,P,22.99
2023,6,28,508,P,22.73
2023,6,29,508,P,22.54
2023,6,30,508,P,22.37
2023,7,1,508,P,22.18
2023,7,2,508,P,22.69
2023,7,3,508,P,22.64
2023,7,4,508,P,22.76
2023,7,5,508,P,22.66
2023,7,6,508,P,22.81
2023,7,7,508,P,22.87
2023,7,8,508,P,22.97
2023,7,9,508,P,23.08
2023,7,10,508,P,23.29
2023,7,11,508,P,23.82
2023,7,12,508,P,24.01
2023,7,13,508,P,24.21
2023,7,14,508,P,24.25
2023,7,15,508,P,24.2
2023,7,16,508,P,24.26
2023,7,17,508,P,24.52
2023,7,18,508,P,24.67
2023,7,19,508,P,24.68
2023,7,20,508,P,24.68
2023,7,21,508,P,24.7
2023,7,22,508,P,24.84
2023,7,23,508,P,24.99
2023,7,24,508,P,25.18
2023,7,25,508,P,25.42
2023,7,26,508,P,25.72
2023,7,27,508,P,26.05
2023,7,28,508,P,26.29
2023,7,29,508,P,26.46
2023,7,30,508,P,26.58
2023,7,31,508,P,26.7
2023,8,1,508,P,27.12
2023,8,2,508,P,27.14
2023,8,3,508,P,27.14
2023,8,4,508,P,27.11
2023,8,5,508,P,27.02
2023,8,6,508,P,26.89
2023,8,7,508,P,26.86
2023,8,8,508,P,26.67
2023,8,9,508,P,26.49
2023,8,10,508,P,26.21
2023,8,11,508,P,25.94
2023,8,12,508,P,26.44
2023,8,13,508,P,26.84
2023,8,14,508,P,27.08
2023,8,15,508,P,26.88
2023,8,16,508,P,26.66
2023,8,17,508,P,26.34
2023,8,18,508,P,26.2
2023,8,19,508,P,26.35
2023,8,20,508,P,26.79
2023,8,21,508,P,27.14
2023,8,22,508,P,27.31
2023,8,23,508,P,27.38
2023,8,24,508,P,27.26
2023,8,25,508,P,27.08
2023,8,26,508,P,27.17
2023,8,27,508,P,27.29
2023,8,28,508,P,27.43
2023,8,29,508,P,27.53
2023,8,30,508,P,27.54
2023,8,31,508,P,27.51
2023,9,1,508,P,27.37
2023,9,2,508,P,27.21
2023,9,3,508,P,27.51
2023,9,4,508,P,27.48
2023,9,5,508,P,27.28
2023,9,6,508,P,26.99
2023,9,7,508,P,26.65
2023,9,8,508,P,26.46
2023,9,9,508,P,26.31
2023,9,10,508,P,26.2
2023,9,11,508,P,26.15
2023,9,12,508,P,26.13
2023,9,13,508,P,26.13
2023,9,14,508,P,26.04
2023,9,15,508,P,26.15
2023,9,16,508,P,26.55
2023,9,17,508,P,26.72
2023,9,18,508,P,26.8
2023,9,19,508,P,26.75
2023,9,20,508,P,26.64
2023,9,21,508,P,26.5
2023,9,22,508,P,26.33
2023,9,23,508,P,26.46
2023,9,24,508,P,26.21
2023,9,25,508,P,26.08
2023,9,26,508,P,25.96
2023,9,27,508,P,25.97
2023,9,28,508,P,26.03
2023,9,29,508,P,26.16
2023,9,30,508,P,26.15
2023,10,1,508,P,25.98
2023,10,2,508,P,25.67
2023,10,3,508,P,25.31
2023,10,4,508,P,25.08
2023,10,5,508,P,24.78
2023,10,6,508,P,24.6
2023,10,7,508,P,24.41
2023,10,8,508,P,24.26
2023,10,9,508,P,23.95
2023,10,10,508,P,24.04
2023,10,11,508,P,23.91
2023,10,12,508,P,23.78
2023,10,13,508,P,23.61
2023,10,14,508,P,23.43
2023,10,15,508,P,23.35
2023,10,16,508,P,23.32
2023,10,17,508,P,23.28
2023,10,18,508,P,23.26
2023,10,19,508,P,23.27
2023,10,20,508,P,23.12
2023,10,21,508,P,22.88
2023,10,22,508,P,22.7
2023,10,23,508,P,22.67
2023,10,24,508,P,22.67
2023,10,25,508,P,22.74
2023,10,26,508,P,22.66
2023,10,27,508,P,22.54
2023,10,28,508,P,22.46
2023,10,29,508,P,22.4
2023,10,30,508,P,22.42
2023,10,31,508,P,22.42
2023,11,1,508,P,22.43
2023,11,2,508,P,22.48
2023,11,3,508,P,22.55
2023,11,4,508,P,22.53
2023,11,5,508,P,22.56
2023,11,6,508,P,22.54
2023,11,7,508,P,22.38
2023,11,8,508,P,22.23
2023,11,9,508,P,22.15
2023,11,10,508,P,22.06
2023,11,11,508,P,21.67
2023,11,12,508,P,21.26
2023,11,13,508,P,21.01
2023,11,14,508,P,21.03
2023,11,15,508,P,21.01
2023,11,16,508,P,20.96
2023,11,17,508,P,20.75
2023,11,18,508,P,20.38
2023,11,19,508,P,20.1
2023,11,20,508,P,19.99
2023,11,21,508,P,19.93
2023,11,22,508,P,19.89
2023,11,23,508,P,19.93
2023,11,24,508,P,19.71
2023,11,25,508,P,19.41
2023,11,26,508,P,19.16
2023,11,27,508,P,18.96
2023,11,28,508,P,18.75
2023,11,29,508,P,18.57
2023,11,30,508,P,18.43
2023,12,1,508,P,18.42
2023,12,2,508,P,18.48
2023,12,3,508,P,18.61
2023,12,4,508,P,18.63
2023,12,5,508,P,18.58
2023,12,6,508,P,18.46
2023,12,7,508,P,18.29
2023,12,8,508,P,18.24
2023,12,9,508,P,18.19
2023,12,10,508,P,18.29
2023,12,11,508,P,18.32
2023,12,12,508,P,18.36
2023,12,13,508,P,18.2
2023,12,14,508,P,18.11
2023,12,15,508,P,18.17
2023,12,16,508,P,18.15
2023,12,17,508,P,17.7
2023,12,18,508,P,17.21
2023,12,19,508,P,16.72
2023,12,20,508,P,16.25
2023,12,21,508,P,16.46
2023,12,22,508,P,16.63
2023,12,23,508,P,16.67
2023,12,24,508,P,16.53
2023,12,25,508,P,16.57
2023,12,26,508,P,16.49
2023,12,27,508,P,16.33
2023,12,28,508,P,16.35
2023,12,29,508,P,16.16
2023,12,30,508,P,15.98
2023,12,31,508,P,15.72
2024,1,1,508,P,15.55
2024,1,2,508,P,15.47
2024,1,3,508,P,15.41
2024,1,4,508,P,15.49
2024,1,5,508,P,15.5
2024,1,6,508,P,15.43
2024,1,7,508,P,15.27
2024,1,8,508,P,15.12
2024,1,9,508,P,15.01
2024,1,10,508,P,14.96
2024,1,11,508,P,14.95
2024,1,12,508,P,14.87
2024,1,13,508,P,14.76
2024,1,14,508,P,14.68
2024,1,15,508,P,14.6
2024,1,16,508,P,14.5
2024,1,17,508,P,14.5
2024,1,18,508,P,14.45
2024,1,19,508,P,14.47
2024,1,20,508,P,14.45
2024,1,21,508,P,14.34
2024,1,22,508,P,14.25
2024,1,23,508,P,14.09
2024,1,24,508,P,13.93
2024,1,25,508,P,13.72
2024,1,26,508,P,13.51
2024,1,27,508,P,13.4
2024,1,28,508,P,13.23
2024,1,29,508,P,13.21
2024,1,30,508,P,13.17
2024,1,31,508,P,13.13
2024,2,1,508,P,12.99
2024,2,2,508,P,13.04
2024,2,3,508,P,13.01
2024,2,4,508,P,12.99
2024,2,5,508,P,13.07
2024,2,6,508,P,12.67
2024,2,7,508,P,12.7
2024,2,8,508,P,12.69
2024,2,9,508,P,12.74
2024,2,10,508,P,12.63
2024,2,11,508,P,12.82
2024,2,12,508,P,13.07
2024,2,13,508,P,13.16
2024,2,14,508,P,13.12
2024,2,15,508,P,13.1
2024,2,16,508,P,12.82
2024,2,17,508,P,12.81
2024,2,18,508,P,12.89
2024,2,19,508,P,12.97
2024,2,20,508,P,12.94
2024,2,21,508,P,12.86
2024,2,22,508,P,12.73
2024,2,23,508,P,12.35
2024,2,24,508,P,12.12
2024,2,25,508,P,12.4
2024,2,26,508,P,12.57
2024,2,27,508,P,12.65
2024,2,28,508,P,12.63
2024,2,29,508,P,12.56
2024,3,1,508,P,12.38
2024,3,2,508,P,12.39
2024,3,3,508,P,12.44
2024,3,4,508,P,12.35
2024,3,5,508,P,12.35
2024,3,6,508,P,12.17
2024,3,7,508,P,11.42
2024,3,8,508,P,11.62
2024,3,9,508,P,11.8
2024,3,10,508,P,11.98
2024,3,11,508,P,12.05
2024,3,12,508,P,12.07
2024,3,13,508,P,12.16
2024,3,14,508,P,12.23
2024,3,15,508,P,12.38
2024,3,16,508,P,12.48
2024,3,17,508,P,12.58
2024,3,18,508,P,12.05
2024,3,19,508,P,11.76
2024,3,20,508,P,11.95
2024,3,21,508,P,12.33
2024,3,22,508,P,12.5
2024,3,23,508,P,12.62
2024,3,24,508,P,12.47
2024,3,25,508,P,12.32
2024,3,26,508,P,12.48
2024,3,27,508,P,12.48
2024,3,28,508,P,12.47
2024,3,29,508,P,12.67
2024,3,30,508,P,12.72
2024,3,31,508,P,12.96
2024,4,1,508,P,13.3
2024,4,2,508,P,13.51
2024,4,3,508,P,13.72
2024,4,4,508,P,13.72
2024,4,5,508,P,13.48
2024,4,6,508,P,13.51
2024,4,7,508,P,13.7
2024,4,8,508,P,13.92
2024,4,9,508,P,14.07
2024,4,10,508,P,13.98
2024,4,11,508,P,13.97
2024,4,12,508,P,14.26
2024,4,13,508,P,14.67
2024,4,14,508,P,15
2024,4,15,508,P,15.24
2024,4,16,508,P,15.01
2024,4,17,508,P,14.71
2024,4,18,508,P,14.65
2024,4,19,508,P,14.86
2024,4,20,508,P,15.05
2024,4,21,508,P,15.19
2024,4,22,508,P,15.44
2024,4,23,508,P,15.9
2024,4,24,508,P,15.8
2024,4,25,508,P,15.95
2024,4,26,508,P,15.98
2024,4,27,508,P,15.78
2024,4,28,508,P,15.67
2024,4,29,508,P,15.71
2024,4,30,508,P,15.96
2024,5,1,508,P,16.21
2024,5,2,508,P,15.58
2024,5,3,508,P,15.81
2024,5,4,508,P,16.05
2024,5,5,508,P,16.46
2024,5,6,508,P,16.64
2024,5,7,508,P,16.67
2024,5,8,508,P,16.42
2024,5,9,508,P,16.41
2024,5,10,508,P,16.29
2024,5,11,508,P,16.3
2024,5,12,508,P,16.31
2024,5,13,508,P,16.24
2024,5,14,508,P,16.55
2024,5,15,508,P,16.74
2024,5,16,508,P,16.54
2024,5,17,508,P,16.34
2024,5,18,508,P,16.34
2024,5,19,508,P,16.43
2024,5,20,508,P,16.58
2024,5,21,508,P,16.95
2024,5,22,508,P,17.11
2024,5,23,508,P,17.33
2024,5,24,508,P,17.45
2024,5,25,508,P,17.46
2024,5,26,508,P,17.43
2024,5,27,508,P,17.59
2024,5,28,508,P,17.63
2024,5,29,508,P,17.92
2024,5,30,508,P,18
2024,5,31,508,P,18.16
2024,6,1,508,P,18.43
2024,6,2,508,P,18.44
2024,6,3,508,P,18.71
2024,6,4,508,P,18.79
2024,6,5,508,P,18.61
2024,6,6,508,P,18.74
2024,6,7,508,P,19.13
2024,6,8,508,P,19.29
2024,6,9,508,P,19.42
2024,6,10,508,P,19.53
2024,6,11,508,P,19.55
2024,6,12,508,P,19.81
2024,6,13,508,P,20.46
2024,6,14,508,P,21.06
2024,6,15,508,P,21.4
2024,6,16,508,P,21.49
2024,6,17,508,P,21.48
2024,6,18,508,P,21.47
2024,6,19,508,P,21.41
2024,6,20,508,P,21.47
2024,6,21,508,P,21.55
2024,6,22,508,P,21.61
2024,6,23,508,P,21.71
2024,6,24,508,P,21.66
2024,6,25,508,P,21.89
2024,6,26,508,P,22.05
2024,6,27,508,P,22.07
2024,6,28,508,P,22.21
2024,6,29,508,P,22.4
2024,6,30,508,P,22.6
2024,7,1,508,P,22.57
2024,7,2,508,P,22.6
2024,7,3,508,P,22.91
2024,7,4,508,P,23.08
2024,7,5,508,P,23.47
2024,7,6,508,P,23.82
2024,7,7,508,P,24.09
2024,7,8,508,P,24.32
2024,7,9,508,P,24.5
2024,7,10,508,P,24.63
2024,7,11,508,P,24.77
2024,7,12,508,P,24.17
2024,7,13,508,P,24.03
2024,7,14,508,P,23.99
2024,7,15,508,P,23.93
2024,7,16,508,P,24.31
2024,7,17,508,P,24.94
2024,7,18,508,P,24.91
2024,7,19,508,P,25.18
2024,7,20,508,P,25.47
2024,7,21,508,P,25.97
2024,7,22,508,P,26.36
2024,7,23,508,P,26.32
2024,7,24,508,P,26.2
2024,7,25,508,P,26.11
2024,7,26,508,P,26.09
2024,7,27,508,P,26.27
2024,7,28,508,P,26.68
2024,7,29,508,P,27.06
2024,7,30,508,P,27.23
2024,7,31,508,P,27.38
2024,8,1,508,P,27.59
2024,8,2,508,P,27.89
2024,8,3,508,P,28.2
2024,8,4,508,P,28.5
2024,8,5,508,P,28.63
2024,8,6,508,P,28.58
2024,8,7,508,P,28.42
2024,8,8,508,P,28.4
2024,8,9,508,P,28.31
2024,8,10,508,P,28.16
2024,8,11,508,P,27.99
2024,8,12,508,P,27.93
2024,8,13,508,P,27.99
2024,8,14,508,P,28.32
2024,8,15,508,P,28.63
2024,8,16,508,P,28.86
2024,8,17,508,P,28.84
2024,8,18,508,P,28.84
2024,8,19,508,P,28.76
2024,8,20,508,P,28.22
2024,8,21,508,P,27.68
2024,8,22,508,P,27.51
2024,8,23,508,P,27.49
2024,8,24,508,P,27.71
2024,8,25,508,P,27.93
2024,8,26,508,P,27.93
2024,8,27,508,P,27.82
2024,8,28,508,P,27.66
2024,8,29,508,P,27.42
2024,8,30,508,P,27.17
2024,8,31,508,P,26.65
2024,9,1,508,P,26.54
2024,9,2,508,P,26.55
2024,9,3,508,P,26.6
2024,9,4,508,P,26.61
2024,9,5,508,P,26.62
2024,9,6,508,P,26.59
2024,9,7,508,P,26.63
2024,9,8,508,P,26.78
2024,9,9,508,P,26.87
2024,9,10,508,P,26.97
2024,9,11,508,P,27.29
2024,9,12,508,P,27.7
2024,9,13,508,P,28.03
2024,9,14,508,P,28.22
2024,9,15,508,P,28.21
2024,9,16,508,P,28.32
2024,9,17,508,P,28.42
2024,9,18,508,P,28.47
2024,9,19,508,P,28.48
2024,9,20,508,P,28.35
2024,9,21,508,P,28.2
2024,9,22,508,P,27.95
2024,9,23,508,P,26.95
2024,9,24,508,P,26.68
2024,9,25,508,P,26.69
2024,9,26,508,P,26.83
2024,9,27,508,P,26.91
2024,9,28,508,P,26.93
2024,9,29,508,P,26.64
2024,9,30,508,P,26.44
2024,10,1,508,P,26.15
2024,10,2,508,P,25.96
2024,10,3,508,P,25.82
2024,10,4,508,P,25.29
2024,10,5,508,P,24.34
2024,10,6,508,P,24.19
2024,10,7,508,P,24.08
2024,10,8,508,P,24.06
2024,10,9,508,P,24.36
2024,10,10,508,P,24.38
2024,10,11,508,P,24.38
2024,10,12,508,P,24.35
2024,10,13,508,P,24.32
2024,10,14,508,P,24.29
2024,10,15,508,P,24.29
2024,10,16,508,P,24.47
2024,10,17,508,P,24.53
2024,10,18,508,P,24.68
2024,10,19,508,P,24.66
2024,10,20,508,P,24.27
2024,10,21,508,P,23.69
2024,10,22,508,P,23.37
2024,10,23,508,P,23.58
2024,10,24,508,P,23.84
2024,10,25,508,P,24
2024,10,26,508,P,23.97
2024,10,27,508,P,23.93
2024,10,28,508,P,23.92
2024,10,29,508,P,23.84
2024,10,30,508,P,23.69
2024,10,31,508,P,23.59
2024,11,1,508,P,23.55
2024,11,2,508,P,23.48
2024,11,3,508,P,23.58
2024,11,4,508,P,23.55
2024,11,5,508,P,23.46
2024,11,6,508,P,23.29
2024,11,7,508,P,23.1
2024,11,8,508,P,22.86
2024,11,9,508,P,22.32
2024,11,10,508,P,22.11
2024,11,11,508,P,21.89
2024,11,12,508,P,22.04
2024,11,13,508,P,21.98
2024,11,14,508,P,21.85
2024,11,15,508,P,21.7
2024,11,16,508,P,21.53
2024,11,17,508,P,21.27
2024,11,18,508,P,20.94
2024,11,19,508,P,20.82
2024,11,20,508,P,20.79
2024,11,21,508,P,20.81
2024,11,22,508,P,20.8
2024,11,23,508,P,20.76
2024,11,24,508,P,20.64
2024,11,25,508,P,20.48
2024,11,26,508,P,20.36
2024,11,27,508,P,20.08
2024,11,28,508,P,19.78
2024,11,29,508,P,19.63
2024,11,30,508,P,19.55
2024,12,1,508,P,19.45
2024,12,2,508,P,19.3
2024,12,3,508,P,19.2
2024,12,4,508,P,19.04
2024,12,5,508,P,18.8
2024,12,6,508,P,18.51
2024,12,7,508,P,18.18
2024,12,8,508,P,17.97
2024,12,9,508,P,17.76
2024,12,10,508,P,17.62
2024,12,11,508,P,17.45
2024,12,12,508,P,17.27
2024,12,13,508,P,17.17
2024,12,14,508,P,17.13
2024,12,15,508,P,17.24
2024,12,16,508,P,17.35
2024,12,17,508,P,17.45
2024,12,18,508,P,17.23
2024,12,19,508,P,16.9
2024,12,20,508,P,16.64
2024,12,21,508,P,16.45
2024,12,22,508,P,16.22
2024,12,23,508,P,16.13
2024,12,24,508,P,16.09
2024,12,25,508,P,16.07
2024,12,26,508,P,15.91
2024,12,27,508,P,15.53
2024,12,28,508,P,15.21
2024,12,29,508,P,15.06
2024,12,30,508,P,14.96
2024,12,31,508,P,15.05
2025,1,1,508,P,15.14
2025,1,2,508,P,15.02
2025,1,3,508,P,14.91
2025,1,4,508,P,14.76
2025,1,5,508,P,14.57
2025,1,6,508,P,14.58
2025,1,7,508,P,14.51
2025,1,8,508,P,14.5
2025,1,9,508,P,14.38
2025,1,10,508,P,14.23
2025,1,11,508,P,14.07
2025,1,12,508,P,13.84
2025,1,13,508,P,13.7
2025,1,14,508,P,13.54
2025,1,15,508,P,13.42
2025,1,16,508,P,13.39
2025,1,17,508,P,13.43
2025,1,18,508,P,13.35
2025,1,19,508,P,13.15
2025,1,20,508,P,13.14
2025,1,21,508,P,13.18
2025,1,22,508,P,13.08
2025,1,23,508,P,12.94
2025,1,24,508,P,12.69
2025,1,25,508,P,12.67
2025,1,26,508,P,12.63
2025,1,27,508,P,12.64
2025,1,28,508,P,12.55
2025,1,29,508,P,12.4
2025,1,30,508,P,12.42
2025,1,31,508,P,12.36
2025,2,1,508,P,12.34
2025,2,2,508,P,12.17
2025,2,3,508,P,11.86
2025,2,4,508,P,11.93
2025,2,5,508,P,12.03
2025,2,6,508,P,12.02
2025,2,7,508,P,11.95
2025,2,8,508,P,11.67
2025,2,9,508,P,11.65
2025,2,10,508,P,11.69
2025,2,11,508,P,11.62
2025,2,12,508,P,11.65
2025,2,13,508,P,11.66
2025,2,14,508,P,11.65
2025,2,15,508,P,11.56
2025,2,16,508,P,11.37
2025,2,17,508,P,11.11
2025,2,18,508,P,10.99
2025,2,19,508,P,10.98
2025,2,20,508,P,11.02
2025,2,21,508,P,10.96
2025,2,22,508,P,10.88
2025,2,23,508,P,10.82
2025,2,24,508,P,10.81
2025,2,25,508,P,10.83
2025,2,26,508,P,10.93
2025,2,27,508,P,11.01
2025,2,28,508,P,10.99
2025,3,1,508,P,11.14
2025,3,2,508,P,11.45
2025,3,3,508,P,11.6
2025,3,4,508,P,11.47
2025,3,5,508,P,11.56
2025,3,6,508,P,10.51
2025,3,7,508,P,10.58
2025,3,8,508,P,10.53
2025,3,9,508,P,10.9
2025,3,10,508,P,11.23
2025,3,11,508,P,11.52
2025,3,12,508,P,11.73
2025,3,13,508,P,11.85
2025,3,14,508,P,11.86
2025,3,15,508,P,11.76
2025,3,16,508,P,11.45
2025,3,17,508,P,11.31
2025,3,18,508,P,11.22
2025,3,19,508,P,11.27
2025,3,20,508,P,11.31
2025,3,21,508,P,11.44
2025,3,22,508,P,11.74
2025,3,23,508,P,11.96
2025,3,24,508,P,11.99
2025,3,25,508,P,11.88
2025,3,26,508,P,11.9
2025,3,27,508,P,11.93
2025,3,28,508,P,11.95
2025,3,29,508,P,11.16
2025,3,30,508,P,10.58
2025,3,31,508,P,10.34
2025,4,1,508,P,10.22
2025,4,2,508,P,10.97
2025,4,3,508,P,11.67
2025,4,4,508,P,11.79
2025,4,5,508,P,11.86
2025,4,6,508,P,12.19
2025,4,7,508,P,12.39
2025,4,8,508,P,12.36
2025,4,9,508,P,12.38
2025,4,10,508,P,12.33
2025,4,11,508,P,12.91
2025,4,12,508,P,13.21
2025,4,13,508,P,12.79
2025,4,14,508,P,12.37
2025,4,15,508,P,12.2
2025,4,16,508,P,12.24
2025,4,17,508,P,12.42
2025,4,18,508,P,12.79
2025,4,19,508,P,13.26
2025,4,20,508,P,13.77
2025,4,21,508,P,13.75
2025,4,22,508,P,13.69
2025,4,23,508,P,13.74
2025,4,24,508,P,13.94
2025,4,25,508,P,14.05
2025,4,26,508,P,14.1
2025,4,27,508,P,14.24
2025,4,28,508,P,14.46
2025,4,29,508,P,14.62
2025,4,30,508,P,14.71
2025,5,1,508,P,14.83
2025,5,2,508,P,14.9
2025,5,3,508,P,14.81
2025,5,4,508,P,14.51
2025,5,5,508,P,14.43
2025,5,6,508,P,14.36
2025,5,7,508,P,14.31
2025,5,8,508,P,14.36
2025,5,9,508,P,14.37
2025,5,10,508,P,14.77
2025,5,11,508,P,15.07
2025,5,12,508,P,15.56
2025,5,13,508,P,15.8
2025,5,14,508,P,15.98
2025,5,15,508,P,16.01
2025,5,16,508,P,16.07
2025,5,17,508,P,16.13
2025,5,18,508,P,16.23
2025,5,19,508,P,16.67
2025,5,20,508,P,17.28
2025,5,21,508,P,17.36
2025,5,22,508,P,17.55
2025,5,23,508,P,17.39
2025,5,24,508,P,17.37
2025,5,25,508,P,17.1
2025,5,26,508,P,17
2025,5,27,508,P,17.19
2025,5,28,508,P,17.4
2025,5,29,508,P,17.58
2025,5,30,508,P,17.53
2025,5,31,508,P,17.33
2025,6,1,508,P,17.3
2025,6,2,508,P,17.37
2025,6,3,508,P,17.53
2025,6,4,508,P,17.71
2025,6,5,508,P,17.86
2025,6,6,508,P,18
2025,6,7,508,P,18.12
2025,6,8,508,P,18.21
2025,6,9,508,P,18.28
2025,6,10,508,P,18.44
2025,6,11,508,P,18.65
2025,6,12,508,P,18.99
2025,6,13,508,P,20.01
2025,6,14,508,P,20.47
2025,6,15,508,P,21.12
2025,6,16,508,P,21.06
2025,6,17,508,P,21.25
2025,6,18,508,P,21.53
2025,6,19,508,P,21.93
2025,6,20,508,P,22.25
2025,6,21,508,P,22.39
2025,6,22,508,P,22.4
2025,6,23,508,P,22.48
2025,6,24,508,P,22.52
2025,6,25,508,P,22.87
2025,6,26,508,P,23.01
2025,6,27,508,P,22.96
2025,6,28,508,P,23.17
2025,6,29,508,P,23.68
2025,6,30,508,P,24.23
2025,7,1,508,P,24.51
2025,7,2,508,P,24.78
2025,7,3,508,P,25.03
2025,7,4,508,P,25.16
2025,7,5,508,P,25.4
2025,7,6,508,P,25.46
2025,7,7,508,P,25.86
2025,7,8,508,P,26.3
2025,7,9,508,P,26.65
2025,7,10,508,P,26.79
2025,7,11,508,P,26.76
2025,7,12,508,P,26.57
2025,7,13,508,P,26.35
2025,7,14,508,P,26.08
2025,7,15,508,P,25.54
2025,7,16,508,P,25.15
2025,7,17,508,P,24.99
2025,7,18,508,P,24.9
2025,7,19,508,P,24.59
2025,7,20,508,P,24.57
2025,7,21,508,P,24.95
2025,7,22,508,P,25.33
2025,7,23,508,P,25.55
2025,7,24,508,P,25.66
2025,7,25,508,P,25.66
2025,7,26,508,P,25.62
2025,7,27,508,P,25.58
2025,7,28,508,P,25.62
2025,7,29,508,P,25.73
2025,7,30,508,P,25.76
2025,7,31,508,P,25.84
2025,8,1,508,P,26.11
2025,8,2,508,P,26.51
2025,8,3,508,P,26.81
2025,8,4,508,P,26.91
2025,8,5,508,P,27
2025,8,6,508,P,27.11
2025,8,7,508,P,27.2
2025,8,8,508,P,27.06
2025,8,9,508,P,26.87
2025,8,10,508,P,26.67
2025,8,11,508,P,26.52
2025,8,12,508,P,26.83
2025,8,13,508,P,26.14
2025,8,14,508,P,26.46
2025,8,15,508,P,26.78
2025,8,16,508,P,27.22
2025,8,17,508,P,27.54
2025,8,18,508,P,27.81
2025,8,19,508,P,27.9
2025,8,20,508,P,27.98
2025,8,21,508,P,28.01
2025,8,22,508,P,27.81
2025,8,23,508,P,27.62
2025,8,24,508,P,27.57
2025,8,25,508,P,27.67
2025,8,26,508,P,27.76
2025,8,27,508,P,27.93
2025,8,28,508,P,28.09
2025,8,29,508,P,28.19
2025,8,30,508,P,28.33
2025,8,31,508,P,28.48
2025,9,1,508,P,28.57
2025,9,2,508,P,28.55
2025,9,3,508,P,28.53
2025,9,4,508,P,28.45
2025,9,5,508,P,28.24
2025,9,6,508,P,28.24
2025,9,7,508,P,28.16
2025,9,8,508,P,28.1
2025,9,9,508,P,28
2025,9,10,508,P,27.83
2025,9,11,508,P,27.35
2025,9,12,508,P,27.03
2025,9,13,508,P,26.92
2025,9,14,508,P,27.07
2025,9,15,508,P,27.63
2025,9,16,508,P,27.96
2025,9,17,508,P,28.05
2025,9,18,508,P,28.07
2025,9,19,508,P,27.41
2025,9,20,508,P,26.75
2025,9,21,508,P,26.21
2025,9,22,508,P,25.87
2025,9,23,508,P,25.7
2025,9,24,508,P,25.36
2025,9,25,508,P,24.99
2025,9,26,508,P,25.45
2025,9,27,508,P,25.54
2025,9,28,508,P,25.54
2025,9,29,508,P,25.52
2025,9,30,508,P,25.46
2025,10,1,508,P,25.42
2025,10,2,508,P,25.26
2025,10,3,508,P,25.2
2025,10,4,508,P,25.14
2025,10,5,508,P,25.63
2025,10,6,508,P,25.72
2025,10,7,508,P,25.63
2025,10,8,508,P,25.48
2025,10,9,508,P,25.3
2025,10,10,508,P,25.14
2025,10,11,508,P,25.05
2025,10,12,508,P,24.99
2025,10,13,508,P,24.93
2025,10,14,508,P,25.15
2025,10,15,508,P,25.18
2025,10,16,508,P,25.11
2025,10,17,508,P,25.04
2025,10,18,508,P,24.91
2025,10,19,508,P,24.81
2025,10,20,508,P,24.67
2025,10,21,508,P,24.48
2025,10,22,508,P,24.31
2025,10,23,508,P,23.33